recipe_id,influencer,followers,date,media,likes,comments,ingredient_list,servings
9115273,HFI-1,61600,29/07/2022,video,1223,93," 80 gr couscous ,  1 Cucumber ,  60 gr olives ,  2 large Tomatoes ,  70 gr Feta ,  50 gr rocket ,  4 tbsp cottage cheese ,  20 gr grated cucumber ,  handful of fresh dill ,  handful of mint ,  1 tbsp lemon juice , 1 red onion",2
5303590,HFI-1,61600,26/07/2022,video,992,161,"100 gr cooked beetroot , 2 eggs , 1 egg white , 35 gr oat flour",2
8064139,HFI-1,61600,24/07/2022,video,1367,220,"2 ripe bananas,  100 gr oat flaks,  2 tbsp almond paste,  50 gr blueberries, 50 gr strawberries",2
9382509,HFI-1,61600,22/07/2022,video,873,103,"1 Eggplant,  1 zucchini,  dash of olive oil,  pinch of Pepper,  pinch of salt,  1 tbsp oregano,  1 lemon,  60 gr yogurt,  juice of 1/2 lemon,  2 tbsp pomegranate,  2 handfuls of fresh mint",2
6245069,HFI-1,61600,20/07/2022,video,1187,147,"200 gr Tomatoes,  125 gr corn,  200 gr Sweet potato,  1 avocado,  100 gr Quinoa,  1 Lime,  1 sweet pepper,  175 gr Chickpeas,  handful of Coriander,  2 tsp paprika powder,  1 red onion,  100 ml vegetable yogurt,  juice of 1/2 lime,  1 tsp paprika powder",2
7382408,HFI-1,61600,17/07/2022,video,1582,151,"85 grams of oatmeal,  2 eggs,  85 gr vegetable curd,  1 tbsp agave syrup,  2 tsp baking powder,  1 tbsp lemon juice,  1 tsp vanilla aroma,  1/2 lemon  65 gr blueberries,  2 tsp poppy seeds",2
1655957,HFI-1,61600,15/07/2022,video,2556,254,"600 gr frozen mango,  2 frozen bananas,  juice of 1 lemon,  25 ml almond milk",2
1995568,HFI-1,61600,12/07/2022,video,1021,156,"2 salmon fillets with skin,  3 tbsp teriyaki sauce,  1 tsp Chili oil,  Juice of 1 lime,  pinch of salt, pinch of pepper,  200 gr Green asparagus,  dash of olive oil,  2 Spring onions, handful of sesame seeds,  handful of fresh parsley",2
7387093,HFI-1,61600,08/07/2022,video,1026,127,"2 large sweet potatoes,  2 tsp smoked paprika powder,  1 tsp garlic powder,  pinch of Pepper,  pinch of salt,  dash of olive oil,  200 ml diced tomatoes,  1/2 onion, 2 cloves of garlic,  1 tsp paprika powder,  1 tsp sriracha,  60 ml chips line, 2 tsp lemon juice",2
9854714,HFI-1,61600,05/07/2022,video,1578,163,"150 gr sweet potato,  180 gr pasta,  300 gr sweet pointed pepper,  dash of olive oil,  1 lemon,  pinch of Pepper,  pinch of salt,  100 ml vegetable cooking cream,  hand of fresh basil,  2 hands arugula,  hand of Parmesan,  hand of pine nuts ",2
4422075,HFI-1,61600,03/07/2022,video,1258,191,"70 grams of oat flour,  135 gr quark,  2 eggs,  2 tsp baking powder,  1 tsp vanilla aroma,  80 gr strawberries",2
4557898,HFI-1,61600,01/07/2022,video,1317,132,"1 zucchini of 300 gr,  2 peaches,  1 cucumber,  2 hands fresh thyme,  olive oil,  30 gr pomegranate,  30 gr almonds,  65 gr vegetable yogurt,  juice of 1/2 lemon,  hand of fresh thyme ",2
6641896,HFI-1,61600,28/06/2022,video,1561,162," 2 courgettes , Handful of fresh basil , Handful of fresh parsley , 0.5 tsp turmeric , 1 tbsp pesto , 400 ml water , 1 stock cube , pinch of salt , pinch of pepper , clove of garlic , half an onion",4
2313961,HFI-1,61600,24/06/2022,video,1398,202,"1 aubergine , 1 tbsp Italian herbs , Pinch of pepper , pinch of salt , dash of olive oil , 50 grams small tomatoes , 1/2 red pepper , 6 tbsp tomato sauce , 9 tbsp pesto , Handful of grated cheese , Handful of fresh basil",3
4966347,HFI-1,61600,22/06/2022,video,889,127,"60 gr oat flour , 15 gr cocoa powder , 150 ml almond milk , 75 gr (vegetable) quark , 20 gr dark chocolate chips + pinch of salt , 1 tbsp maple syrup , 1 tsp vanilla aroma , 2 tsp baking powder",2
5845158,HFI-1,61600,15/06/2022,video,1784,193,"1/2 watermelon ,  1 Cucumber ,  Handful of fresh mint ,  60 gr Feta ,  Juice of 12 lime ,  1 tbsp balsamic vinegar ,  1 tbsp Olive oil ,  50 gr hands Arugula ,  Pinch of salt ,  pinch of pepper",1
6770113,HFI-1,61600,14/06/2022,video,702,134,"200 gr white asparagus , 200 gr green asparagus , 150 gr (gluten free) couscous , 200 ml boiling water , 150 gr Green peas , juice from 1 lemon ,  1 handful fresh Parsley ,  1 handful fresh basil ,  Pinch of salt ,  pinch of pepper ,  50 gr feta ,  1 Shallot ,  2 tbsp pesto",2
9439930,HFI-1,61600,10/06/2022,video,990,120,"250 g sweet potato , 40 gr corn salad , 200 gr cucumber , 70 gr pomegranate , 200 gr edamame , 30 gr pistachio nuts , Handful of dill",2
1911144,HFI-1,61600,08/06/2022,video,2276,249,"60 gr oat flour , 1 tsp baking powder , 2 eggs , 100 gr quark , 1 tsp vanilla aroma , 1 tbsp agave syrup , 4 strawberries",2
6529916,HFI-1,61600,03/06/2022,video,1432,155,"150 gr fusilli , 250 gr cherry tomatoes , 175 gr courgette , 120 gr cucumber , 6 sun dried tomatoes , 60 gr feta (vegan) or mozzarella , 20 gr pine nuts , 2,5 tbsp vegan pesto , 1 handful fresh basil , Juice of 1/2 lemon , Dash of olive oil , 2 hands arugula",2
5870238,HFI-1,61600,31/05/2022,video,1816,195,"500 g sweet potato , 100 gr spinach , 100 gr thin green asparagus , Handful of sage , 70 gr macadamia nuts , Juice of 1 lemon , 150 ml cooking cream , Dash of olive oil , 40 gr parmesan , 2 tsp truffle tapenade",3
6122433,HFI-1,61600,26/05/2022,video,1458,219,"95 gr oat flour , 1 tsp baking powder , 0,5 tl baking soda , dash of apple vinegar , 1 tsp vanilla aroma , 80 gr cottage cheese , 60 ml almond milk , 1 tbsp maple syrup , 1 tbsp melted butter , 0.5 tbsp coconut blossom sugar , 2 tsp cinnamon , 50 gr yoghurt , 1 tbsp maple syrup",2
4063967,HFI-1,61600,24/05/2022,video,2584,271,"30 gr Parmesan , 150 gr Risotto rice , 260 cherry tomatoes , 1 lemon , 175 gr red pepper , 250 ml vegetable stock , Pinch of salt , pinch of pepper , 1 garlic clove , 1/4 red onion , Fresh basil",2
6537680,HFI-1,61600,20/05/2022,video,1267,160,"5 Rice sheets , 1 head of Romaine lettuce , 3 carrots , 1/2 Cucumber , 1/2 Mango , 1 Avocado , Handful of sesame seeds , Handful of fresh parsley , 1 Lemon , 2 tbsp peanut butter , 2 tbsp soy sauce , 1 tsp agave syrup",2
2697250,HFI-2,63300,28/07/2022,video,1445,215,"350g penne , 1 onion , 3 cloves of garlic , 1 zucchini , Pinch of salt , Pinch of pepper , 2 avocados , 20 g sunflower seeds , 30 g walnuts , 2 tbsp noble yeast flakes , 200 g peas , 2 handfuls fresh spinach , 2 tbsp olive oil , 350 ml milk , 1 vegetable stock cube",4
5283314,HFI-2,63300,26/07/2022,video,649,118,"4 sweet potatoes , 2 tbsp olive oil , 1 red onion , 1/2 bell pepper , 1 red bell pepper , 200 g cherry tomatoes , 1 tsp cumin powder ,  1 tbsp tomato puree , 400g tin of brown beans , 80 g corn, pinch of pepper, pinch of salt",3
6025900,HFI-2,63300,23/07/2022,video,1085,165,"3 bananas , 10 dates , 200 ml plant-based milk , 275 g buckwheat or oat flour , 80 g almond flour , 1 tsp baking powder , 2 tsp baking soda , 1 tbsp apple cider vinegar , 2 tbsp white coconut paste , 20 g grated coconut , 30 g finely chopped almonds",1
5549699,HFI-2,63300,21/07/2022,video,840,198,"300 g gluten-free couscous , 2 tbsp olive oil , 2 cloves of garlic , 200 g asparagus tips , 350 g cherry tomatoes ,  pinch of pepper , pinch of salt , 2 tbsp lemon juice , 200 g lettuce , 265 g brown lentil ,  1 can of artichoke hearts ,  40 g finely chopped peanuts , cup of honey mustard dressing",4
8286200,HFI-2,63300,16/07/2022,video,762,120,"250 g orzo , 200 g asparagus tips ,  1 yellow bell pepper , 1 green bell pepper , 1 red onion ,  1 red bell pepper , 250 gr cherry tomatoes , dash of Olive oil, , pinch or garlic powder , pinch or cumin powder , pinch of pepper , pinch or salt , 300 g brown lentils ,  2 avocados , 150 g arugula, cup of garlic dressing",4
3325543,HFI-2,63300,11/07/2022,video,1396,200,"1 large cucumber , 1150 g sushi rice , 2 tbsp rice vinegar ,  200 g vegan chicken pieces ,  100 g vegetable yogurt ,  1 tsp sambal ,  1/2 tsp garlic powder ,  1/2 tsp black pepper ,  pinch of salt ,  1 avocado ,  handful of sesame seeds",2
5494581,HFI-2,63300,07/07/2022,video,963,151,"1 green zucchini , 1 red bell pepper , 1 eggplant , 1 red onion , 2 tbsp olive oil , 1 tbsp Italian herbs , pinch of pepper , pinch of salt , 350 g orzo , 400 g brown lentils , 40 g pistachios , 1 handful of fresh mint, cup of pesto dressing",2
1526216,HFI-2,63300,03/07/2022,video,1553,200,"300 g cherry tomatoes ,  2 red peppers , 1 onion ,  3 cloves of garlic , 400g cannellini beans , 2 tbsp olive oil ,  1 tbsp capers ,  pinch of Pepper , pinch of salt ,  1 tbsp Italian herbs , 500g ravioli ,  1 tbsp red pesto ,  1 cube of vegetable stock ,  handful of pine nuts ,  handful of fresh basil",3
4537997,HFI-2,63300,01/07/2022,video,1451,210,"3 bananas , 1 jar of peanut butter , 100 g walnuts , 50 g dark chocolate paste",1
4454578,HFI-2,63300,29/06/2022,video,1106,188,"2 aubergines , 2 tbsp olive oil , 350 g wholemeal pasta penne , 1 onion , 3 cloves of garlic , 400g diced tomatoes , pinch of pepper , pinch of salt , 1 tsp cumin powder , 1 tbsp oregano , 2 tbsp tahini , 1/2 tsp garlic powder , 265g brown lentils",4
2649909,HFI-2,63300,27/06/2022,video,821,131,"250 g quinoa , 1 cucumber , 250 g cherry tomatoes , 1 mango , 4 spring onions , 1 yellow bell pepper , 2 avocados , 2 tbsp olive oil , 4 chili burgers , pinch of pepper , pinch of salt to , 1 lime , 100 g yogurt , 1 tsp garlic powder",4
7603168,HFI-2,63300,25/06/2022,video,1598,151,"1 green zucchini ,  1 red bell pepper , 3 tomatoes on the vine , 1/2 zucchini , 1 red onion , 2 tbsp olive oil ,  1 tbsp Italian herbs , pinch of pepper , pinch of salt , 250g tortellini , cup of pesto dressing",3
4360456,HFI-2,63300,22/06/2022,video,1176,153,"1 eggplant , 2 tbsp olive oil , 1 tbsp Italian herbs , Salt and pepper to taste , 300 g pearl couscous , 265 g brown lentils , 40 g almonds , 100 g pomegranate seeds , 100 g fresh spinach, finely chopped , 150 g yogurt",4
9138311,HFI-2,63300,19/06/2022,video,1524,197,"1 eggplant , 2 broccoli , 1 tbsp sweet soy sauce , 1 tsp apple cider vinegar , 25 ml soy sauce , 1 tsp garlic powder , 1 tsp ginger powder , 1/2 tsp black pepper , 1-2 tbsp sesame oil , 200 g quinoa , 250 g edamame beans , 200 g yogurt",3
8222490,HFI-2,63300,15/06/2022,video,734,154,"300 g brown skin rice , 1 onion , 2 cloves of garlic , dash of olive oil , 2 tbsp yellow curry paste , 275 g vegan chicken pieces , 2 tsp tandoori spice mix , 1 tsp paprika powder , dash of pepper , dash of salt , 400ml coconut milk , 1/2 cube vegetable stock , 250 g fresh spinach , 400 g chickpeas , 30 g almonds ",4
8520072,HFI-2,63300,12/06/2022,video,877,112,"1 pumpkin , splash of olive oil , salt and pepper to taste , 250 g cherry tomatoes , 1 red onion , 2 cloves of garlic , 1 tbsp Italian herbs , 200 g lentils orzo , 400 ml vegetable stock , 200 ml plant-based milk , handful of pine nuts , handful of fresh basil",3
5450535,HFI-2,63300,08/06/2022,video,984,150,"300 g quinoa , 400 g chickpeas, canned , 2 carrots , 2 parsnips , 1 zucchini , 1 sweet potato , dash of olive oil , pinch of pepper , pinch of salt , 1 tsp garlic powder , 2 tsp turmeric , 3 tbsp tahini , 3 tbsp olive oil , juice of 1/2 lemon , 100 g corn , 50 g cashew nuts",4
9588491,HFI-2,63300,06/06/2022,video,1091,175,"1 eggplant , 265 g chickpeas , 3 tbsp olive oil , 3 tbsp tahini , 1 tsp garlic powder , 1 tsp cumin powder , pinch of salt , pinch of pepper , 2 tbsp lemon juice",1
8387397,HFI-2,63300,04/06/2022,video,1236,172,"150 g oyster mushrooms , 2 tbsp soy sauce , splash of olive oil , 1 tsp gyros seasoning , 1 tsp smoked paprika powder , 1/2 red onion , 2 cloves of garlic , 125 g cooked quinoa , 200 g cherry tomatoes , 1/2 red bell pepper , 1/2 cucumber , 100 g chickpeas , 150 ml yogurt , â â â â â â â â â ",2
4613977,HFI-2,63300,02/06/2022,video,1222,159,"1 cauliflower , 400 g chickpeas , 3 tbsp olive oil , 1 tsp garlic powder , 1 tsp garam masala , 1 tsp black pepper , splash of olive oil , pinch of pepper , pinch of salt , 200 g fresh spinach , 75 g sun-dried tomato , 40 g pistachiosâ â â â â â â  , cup of avocado dressing",3
9032439,HFI-2,63300,29/06/2022,video,1056,154,"425 ml almond milk , 200 g oatmeal , 20 g cocoa powder , 50 g agave syrup , 75 g pistachio paste , 1 tbsp linseed , 1 tsp baking powder , pinch of salt , 50 g dark chocolate , 30 g pistachios",4
6383638,HFI-2,63300,27/06/2022,video,1065,159,"150 g fresh arugula , 125 g brown rice , 2 tbsp rice vinegar , 1/2 cucumber , 1 avocado , 1/2 red onion , 400 g beef ribs , 2 handfuls of pomegranate seeds , 20 g cashew nuts",2
1683912,HFI-2,63300,25/06/2022,video,2891,215,"300 g wholemeal couscous , 600 g chickpeas , 2 tbsp tomato puree , 2 tbsp soy sauce , 1 tsp ras el hanout , 1 tsp cinnamon , 2 tbsp tahini , 1 tsp garlic powder , juice of 1/2 lemon , 200 ml water , 400 g spinach",4
9741368,HFI-2,63300,23/06/2022,video,2425,235,"1 pointed cabbage , 1 onion, sliced , 3 cloves of garlic , 1/2 red pepper, finely chopped , 2 cm fresh ginger , 2 tbsp olive oil , 1 tsp sambal oelek , 2 tbsp soy sauce , 2 tbsp sweet soy sauce , 150 ml plant-based milk , 1 tbsp lemon juice , 3 slices of whole-wheat gingerbread , 500 g rice",4
5351726,HFI-2,63300,21/06/2022,video,1634,138,"1 cauliflower , 400 g chickpeas , 1 red onion , 2 tbsp tomato puree , 3 tbsp olive oil , 1 tbsp maple syrup , 3 tbsp soy sauce or tamari , 1 tsp garlic powder , 1 tsp onion powder , 1 tsp smoked paprika powder , 350 g quinoa , 250 g cherry tomatoes , 2 avocados , 2 spring onions",4
5766309,HFI-2,63300,18/06/2022,video,1479,139,"4 sweet potatoes , 600 g chickpeas , 2 tbsp olive oil , pinch of pepper , pinch of salt , 300 g baby spinach , 40 g pine nuts , cup of Caesar salad dressing",4
2684875,HFI-2,63300,16/06/2022,video,2011,172,"300 g orzo , 1 cauliflower , 2 carrots , 1/2 zucchini , 1 red onion , 1 red bell pepper , 1 yellow bell pepper , dash of olive oil , 1 tbsp Italian herbs , pinch of pepper , pinch of salt , 400g brown lentils, cup of hummus",4
3951002,HFI-2,63300,14/06/2022,video,1259,185,"4 sweet potatoes , 600 g tofu , 2 tbsp olive oil , 2 tbsp cornflour , 1 tbsp chicken seasoning , 500 g iceberg lettuce , 1 red onion , 1 cucumber, cup of garlic sauce",4
2638243,HFI-3,15700,02/08/2022,video,208,54,"2 vegan bratwursts , 4 tbsp cooked sauerkraut , 1 avocado , 1 tsp sriracha (hot sauce) , 1 lime , 1 tomato , 2 hot dog buns , 3 tsp mayonnaise",2
4468752,HFI-3,15700,27/07/2022,video,2063,148,"4 hard-boiled eggs , 2 tbsp Greek yogurt , 1 tsp mustard , handful of chives",1
9407459,HFI-3,15700,21/07/2022,picture,309,67,"80ml espresso , 1 egg , 50 ml almond milk , 3 tbsp cinnamon , 8 slices of baguette , 1 peach , handful of red fruit , dash of greek yogurt",1
8636241,HFI-3,15700,15/07/2022,video,1113,147,"75 g chicken breast , 2 tsp gyros seasoning , 2 wraps , 1 slice Milner cheese , 2 tbsp passata , 1/2 red onion , 20 g grated cheese 30+ , 2 tbsp tzatziki , handful of arugula",1
8637878,HFI-3,15700,14/07/2022,video,222,65,"5 eggs , 200 ml almond milk , 100 g flour , 50 g chicken breast , 2 slices of cheese , handful of chives",4
1297745,HFI-3,15700,07/07/2022,video,280,45,"1 white onion , 200 g fries , 250 g steak , 40 g young mature cheese , 2 tbsp pickles slices , drizzle of mustard , drizzle of ketchup",2
3990265,HFI-3,15700,05/07/2022,video,3078,249,"90 g oat flour , 75 g whey protein , 3 tsp baking powder , 10 g cocoa powder , 120 g applesauce , 100 g Greek yogurt , 180 ml soy milk , 8 ml sweetener , 3 g red food coloring , 200 g dairy spread light , 3 tsp vanilla aroma , 3 ml sweetener",6
2939387,HFI-3,15700,30/06/2022,picture,409,63,"2 steaks , 160 g fresh spaghetti , 50 g dairy spread light , 25 g pesto , 150 g cherry tomatoes",2
4576615,HFI-3,15700,29/06/2022,video,292,83,"30 g oatmeal , 100 g low-fat quark , 1 cup of coffee , 50 ml plant-based milk , 50 g protein powder , 1 tbsp chia seeds , 2 tbsp instant coffee , 2 tbsp water , 1 tbsp sugar",1
5803026,HFI-3,15700,22/06/2022,video,850,93,"200 g chicken breast , 1/4 bag of shoarma herbs , 1 red onion , 4 tbsp tomato puree , 2 naan breads , 80 g mozzarella light , handful of iceberg lettuce , 1/2 tomato , cup of garlic sauce",2
6959070,HFI-3,15700,17/06/2022,video,282,63,"100 g flour , 20 g almond flour , 50g whey protein , 1 sachet baking powder , 200 ml almond milk , 100 g quark , 2 eggs , 1 banana , 70 g applesauce , 40 g peanut butter , handful of Walnuts , handful of dark chocolate",1
6505660,HFI-3,15700,15/06/2022,video,700,107,"10 strawberries , 150 g low-fat quark , 2 tbsp protein powder , 1 tbsp dairy spread light , 2 speculoos cookies",1
3465504,HFI-3,15700,09/06/2022,video,398,103,"30 g oatmeal , 50 g low-fat quark , 100 ml almond milk , 40g whey protein , 10 g speculoos pasta , handful of fruit , 2 speculoos cookies",1
3480307,HFI-3,15700,07/06/2022,picture,328,85,"20 g granola , 150 g dairy spread light , 150 g low-fat quark , 2 tsp vanilla aroma , 50 g strawberry , 50 g strawberry jam light , handful of red fruit",1
7569189,HFI-3,15700,03/06/2022,video,1109,89,"100 g tuna , 3 tbsp low-fat quark , 2 tsp tomato puree , 2 tsp mild mustard , Pinch of paprika powder , 1 egg",1
3869448,HFI-3,15700,01/06/2022,picture,541,67,"2 wraps , 1 tsp smoked paprika powder , 30 g grated cheese , 200 g lean ground beef , 1 bag taco seasoning , 1 red bell pepper , 20 g corn , 20 g black beans , 20 g kidney beans , 25 g cottage cheese , Coarse sea salt , 1/2 avocado",2
6488890,HFI-3,15700,31/06/2022,video,376,60,"40 g speculoos , 40 g dark chocolate , 3 rice cakes , 1 handful of granola , pinch of sea salt",1
6562359,HFI-3,15700,20/06/2022,video,587,79,"115 g flour , 250 ml almond milk , 1 tbsp cinnamon , 1 tbsp sugar",1
6651431,HFI-3,15700,17/06/2022,video,437,74,"2 slices of white bread , 1 tbsp honey mustard , 2 slices of cheese , 1 egg , 50 ml milk , 50 g smoked salmon , 1/2 avocado , 1/2 tomato",1
6651102,HFI-3,15700,12/06/2022,video,1006,147,"250 g asparagus , 1 tsp pesto , 25 g truffle burrata , 50 g serrano ham , 15 g walnuts",1
3613581,HFI-3,15700,10/06/2022,video,1245,147,"12 speculoos biscuits , 100 protein powder , 100 ml almond milk",1
8766344,HFI-3,15700,04/06/2022,video,372,67,"200 g gnocchi , 1 red onion , 1 garlic clove , 50 g sun-dried tomato , 100 ml cooking cream , 1 splash of white wine , 150 g turkey bacon , 300 g white asparagus , handful of arugula",2
1914364,HFI-3,15700,02/06/2022,video,1314,136,"130 g sushi rice , 180 g tuna , 1 tbsp sriracha , 2 tbsp quark , 1 tbsp soy sauce , 1/4 avocado , 1 tsp mayonnaise , 1 tsp soy sauce , 1/4 spring onion",1
8477335,HFI-3,15700,26/05/2022,video,434,88,"115 g flour , 250 ml almond milk , 200 g chocolate pudding , 1 tbsp nougatine",1
1698434,HFI-3,15700,19/05/2022,picture,401,48,"1 steak , 1 red onion , 2 tbsp vinegar , 2 tbsp water , 2 tsp sweetener , pinch of salt , 1/2 red pepper , 1 cucumber , 1 tomato , 50 g Greek yogurt , 1/2 lime , handful of iceberg lettuce , 1 wrap",1
3920556,HFI-3,15700,17/06/2022,picture,313,67,"2 slices of white bread , 1 tbsp honey mustard , 2 slices of cheese , 1 egg , 50 ml milk , 50 g smoked salmon , 1/2 avocado , 1/2 tomato",1
9657205,HFI-3,15700,11/06/2022,video,670,94,"100 g chicken breast , 100 g bell pepper , 1 cucumber , 1 tbsp taco sauce , 50 g corn , 50 g kidney beans , 50 g dairy spread light , 2 tbsp bbq sauce , 30 g sour cream , 10 g cheese , 1 handful of nachos",2
9043171,HFI-3,15700,08/06/2022,video,443,58,"30 g oatmeal , 150 g protein powder , 75 ml almond milk , 150 g Greek yogurt , 2 tbsp cinnamon",1
3887055,HFI-4,28500,04/08/2022,video,235,22,"5 tbsp low-fat quark , 1 tbsp raw cocoa powder , 2 tsp sweetener , Handful of cherries",1
9082329,HFI-4,28500,03/08/2022,video,292,21,"3 tbsp low-fat quark , 3 tbsp oatmeal , 1 banana , 50 g protein powder , 1 tsp sweetener. , Half banana , 1 tbsp low-fat quark , 1 tsp sweetener.",1
9063023,HFI-4,28500,02/08/2022,video,443,20,"1 lemon , 50 ml coconut milk , 1 tangerine , 2 tsp sweetener",1
1928266,HFI-4,28500,30/07/2022,video,370,28,"150 grams dÃ¶ner , 1 healthier pizza base , 1 bell pepper , 1 handful grated mozzarella , 1 tbsp olive oil , pinch of pepper , pinch of salt , 2 tbsp low-fat quark , 1 tsp garlic powder , 1 tsp onion powder , 1 cucumber.",1
9105191,HFI-4,28500,28/07/2022,video,261,22,"1 slice of brown bread , 1 tomato , dash of olive oil , 1 clove of garlic , pinch of pepper , pinch of salt",1
4948047,HFI-4,28500,25/07/2022,video,591,34,"Pizza Bottom , 3 tbsp tomato sauce , 1 tbsp pesto , 1 ball of mozzarella , Handful of cherry tomatoes , handful of basil",1
8769776,HFI-4,28500,23/07/2022,video,836,45,"1 apple , 2 tsp chia seeds , 3 tbsp low-fat quark , 2 tbsp oatmeal , 1 tsp cinnamon , 1 tsp sweetener , 1 tsp honey , 2 tbsp vanilla quark , 1 tbsp honey",1
9026917,HFI-4,28500,14/07/2022,video,275,23,"4 tbsp oatmeal , 2 bananas , 2 eggs , 50 gr protein powder , 1 tsp sweetener , 3 tbsp low-fat cottage cheese , 2 tsp food coloring",1
4625844,HFI-4,28500,13/07/2022,video,389,26,"1 banana , 1 handful of chocolate chips , 1 tbsp chocolate chip cookie ice cream",1
6165779,HFI-4,28500,06/07/2022,video,934,35,"2 sweet peppers , 6 tomatoes , 200ml water , 2 tsp garden herbs , pinch of salt , pinch of pepper , 1 tbsp low-fat quark",1
7170761,HFI-4,28500,04/07/2022,video,260,18,"1 eggplant , 1 bell pepper , 1 onion , 2 cloves of garlic , 2 tsp couscous herbs , pinch of pepper , pinch of salt , 200 grams couscous , handful of arugula , Handful of apricots , handful of raisins",1
1407644,HFI-4,28500,03/07/2022,video,241,23,"1 wrap , 2 tbsp tomato sauce) , cup of vegan shawarma , 1 tsp garlic powder , 1 tsp paprika powder , 2 tbsp low-fat cottage cheese , 1 tsp garlic powder , juice of half a lemon",1
2236194,HFI-4,28500,30/06/2022,video,388,30,"3 tbsp oatmeal , splash of oat milk , 1 scoop white chocolate protein , 1 tsp chia seeds , 1 tbsp low-fat vanilla curd , 1 tsp sweetener , 1 tbsp light cream cheese , 1 tbsp low-fat cottage cheese , 1 tsp sweetener , handful of strawberries",1
6278511,HFI-4,28500,24/06/2022,video,554,30,"2 potatoes , 1 eggplant , 1 zucchini , 1 tbsp olive oil , 1 tbsp Italian herbs",1
1548799,HFI-4,28500,20/06/2022,video,345,13,"250g truffle ravioli , handful of iceberg lettuce , 1 tomato , 3 oyster mushrooms , pinch of pepper , pinch of salt to taste",1
9559838,HFI-4,28500,16/06/2022,video,685,31,"1 slice of brown bread , 1/2 avocado , 20 gr feta cheese , 3 strawberries , pinch of pepper , pinch of salt",1
1639943,HFI-4,28500,15/06/2022,video,427,22,"1 vegetable wrap , 2 tbsp low-fat quark , 1 tsp garlic powder , half a lime , half cucumber , chicken dÃ¶ner",1
7701459,HFI-4,28500,13/06/2022,video,555,21,"200 grams of cauliflower rice , 1 tbsp soy sauce , 1 tbsp sesame oil , pinch of salt , half avocado , 50 gr surimi , 50 gr crayfish , 1 tsp caviar , 1 tbsp sesame seeds",1
4544486,HFI-4,28500,12/06/2022,video,182,15,"200 grams of oatmeal , 3 tbsp apple sauce , 2 tbsp low-fat cottage cheese , 1 tsp Sweetener , 3 tbsp cocoa powder",1
5284337,HFI-4,28500,10/06/2022,video,368,42,"150 grams almond flour , 1 cup of oat flour , 50g protein powder , 1 tsp sweetener , 4 tbsp peanut butter , 2 tbsp honey , 1 tsp sweetener , 1 tbsp coconut oil , handful of peanuts , 1 tbsp dark chocolate",1
7702652,HFI-4,28500,09/06/2022,video,415,32,"1 vegetable wrap , hand or mozzarella light , 7 slices vegan pepperoni , 2 tbsp tomato sauce , 2 tsp Italian herbs",1
2955167,HFI-4,28500,07/06/2022,video,1251,66,"1 large apple , 2 pinches of cinnamon , splash of water , 1 vegetable wrap , 2 tbsp low-fat vanilla quark , 1 tsp honey",1
6280426,HFI-4,28500,04/06/2022,video,416,29,"70 grams of fresh pasta , 150 grams spinach , half lemon , 20 g feta cheese , pinch of pepper , pinch of salt",1
3856376,HFI-4,28500,03/06/2022,video,385,21,"slice of dark bread , 2 tbsp hummus , half avocado , 1/8 cucumber , 1 egg , hand cress , pinch of pepper , pinch of salt",1
7169280,HFI-4,28500,01/06/2022,video,258,10,"1 slice of wholemeal bread , 2 eggs , pinch of cinnamon , 1 tsp sweetener , 2 tbsp low-fat vanilla quark , 3 Strawberries",1
7333408,HFI-4,28500,30/05/2022,video,1123,38,"150 grams lean ground beef , 1/2 avocado , 4 tbsp low-fat quark , 2 tsp garlic powder , 1/2 lemon , 1 tbsp olive oil",1
9055404,HFI-4,28500,28/05/2022,video,259,10,"200 g Tuna , 1 tbsp low-fat cottage cheese , 1 tsp sambal , pinch of pepper , pinch of salt to taste , slice of brown bread , handful of grated cheese",1
8924209,HFI-5,13200,29/07/2022,picture,224,10," 400 grams of potatoes , 500 grams of green beans ,  200 g tuna ,  handful of Olives , handful of cherry tomatoes ,  1 red onion , pinch of salt , pinch of pepper",2
4884328,HFI-5,13200,05/07/2022,picture,243,13,"500 grams of broccoli , 250 grams potato , 1 onion , 1 cube of vegetable stock , 750ml water , pinch of pepper , handful of oregano",2
5828464,HFI-5,13200,03/07/2022,picture,371,27," 200 grams of MonChou ,  250 ml whipped cream ,  100 grams of white caster sugar ,  2 sachets of vanilla sugar ,  1 pack of bastogne biscuit ,  100 grams of butter",1
4753478,HFI-5,13200,01/07/2022,picture,244,16,"150 grams of whole cottage cheese , 1 apricot , 1/2 banana , 4 strawberries , 1 tsp linseed , 1 tsp chia seeds , handful of pumpkin seeds , handful of oat flakes",1
1716729,HFI-5,13200,26/06/2022,picture,360,12," handful of cherry tomatoes , splash of balsamic vinegar , dash of Olive oil , 1 red onion , pinch or Pepper , pinch of salt , handful of basil",2
2928347,HFI-5,13200,15/06/2022,picture,349,11,"160 grams penne , 1 onion , 2 cloves of garlic , Can of tomato puree , 200 ml tomato passata , 20 grams of butter , 1 shot of vodka , 3 tablespoons sour cream , 40 grams of parmesan cheese , 0.5 teaspoon chili flakes , handful of fresh basil , pinch of salt , pinch of pepper",2
9592170,HFI-5,13200,13/06/2022,picture,879,35,"200 grams of risotto rice , 1 onion , 1 garlic clove , 100 ml dry white wine , slice of butter , 400 grams of tomato cubes , 750 ml vegetable stock , 50 grams Parmesan cheese , pinch of pepper , handful of fresh basil",2
8095341,HFI-5,13200,08/06/2022,picture,340,13,"1 apple , 150 grams of quark , 20 grams of oat flakes , 5 grams of linseed",1
1638517,HFI-5,13200,05/06/2022,picture,962,34,"1 eggplant , 2 bell peppers , 4 tomatoes , 200 ml coconut milk , 2 tablespoons curry paste , 1 onion , 2 cloves of garlic , 90 grams of rice",1
6115393,HFI-5,13200,31/05/2022,picture,1457,64," 400 gram gnocchi ,  200 gram sour cream ,  150 gram spekjes ,  250 gram champignons ,  1 prei ,  1 el Pesto ,  snufje Peper",2
9955776,HFI-5,13200,23/05/2022,picture,1238,38,"180 grams of risotto rice , 250 grams of salmon , 1 zucchini , 1 onion , 2 cloves of garlic , 1 lemon , 1 stock cube , 700ml water , handful of parmesan cheese , pinch of pepper",2
1449294,HFI-5,13200,16/05/2022,picture,492,31,"4 bananas , 3 eggs , 1 teaspoon baking powder , pinch of salt , 130 grams of oat flakes , 1 Apple , cup of unsalted cashew , 45 grams of raisins , 2 tbsp cinnamon",1
7972835,HFI-5,13200,14/05/2022,picture,1038,26," 1 eggplant , 1/2 bell pepper ,  2 tomatoes ,  1 clove of garlic ,  1/2 onion ,  handful of Parmesan cheese ,  handful of Oregano, , pinch of pepper , pinch of salt",1
7860801,HFI-5,13200,10/05/2022,picture,230,11,"130 grams of self-raising flour , 1 large egg , 150 ml milk , 150 grams of ham cubes , 50 grams of grated cheese , 1 leek , pinch or paprika powder",1
6946411,HFI-5,13200,05/05/2022,picture,414,9,"180 grams macaroni , 400 grams of tomato cubes , 300 grams of lean ground beef , 1 onion , 1 clove of garlic , 2 tomatoes , 2 bell peppers , pinch of salt , handful of grated cheese",2
9257234,HFI-5,13200,28/04/2022,picture,461,17," 150 grams of quark ,  1 banana ,  150 grams of blueberries ,  handful of oat flakes , handful of granola , a handful of seeds , handful of chia seeds ,   handful of coconut",1
6221630,HFI-5,13200,22/04/2022,picture,809,10,"80 grams of risotto rice , 1/2 onion , 1 garlic clove , 1 tbsp olive oil , 1/2 cube vegetable stock , 200 grams of peas , 50 g smoked trout , pinch of pepper",1
7023907,HFI-6,12700,29/07/2022,picture,190,70," 500 grams of gnocchi ,  1 zucchini ,  2 red onions ,  250 grams of cherry tomatoes ,  splash of Olive oil ,  pinch of Pepper ,  pinch of salt",3
6985186,HFI-6,12700,26/07/2022,video,270,103," 45 grams of oatmeal ,  5 grams of chia seeds ,  Half teaspoon cinnamon ,  60 grams of low-fat cottage cheese ,  10 grams maple syrup ,  120 ml almond milk ,  1 peach",1
6217658,HFI-6,12700,22/07/2022,video,208,85,"35 grams grated coconut , 15 grams of crushed linseed , 2 tablespoons water , 200 grams of whole wheat flour , 25 grams of sugar , 2 teaspoons baking powder , half teaspoon baking soda , 1 teaspoon cinnamon , 225 ml pineapple juice , 30 grams of coconut oil , dash of vanilla aroma , 180 grams pineapple",1
3635577,HFI-6,12700,20/07/2022,picture,212,71,"200 grams of pasta , 200 grams of lettuce , 1 bell pepper , 250 grams cherry tomatoes , 1 avocado , 1 apple , 200 grams of salmon",4
4922806,HFI-6,12700,18/07/2022,video,289,142," 130 grams of oat flour ,  1 teaspoon baking powder ,  1/2 teaspoon baking soda ,  140 grams of low-fat quark ,  100 ml almond milk ,  1 egg ,  10 grams of agave syrup ,  15 grams of poppy seeds ,  Lemon juice from 1 lemon ,  Lemon zest from half a lemon",2
9343104,HFI-6,12700,13/07/2022,video,313,104," 2 slices of bread ,  60 grams of burrata ,  Half peach ,  handful of pistachios ,  2 tsp Agave syrup",1
6178557,HFI-6,12700,10/07/2022,video,211,72,"200 grams romaine lettuce , 1 small sweet potato , 250 grams cherry tomatoes , 120 grams black beans , 80 grams of white cheese , 1 avocado , handful of sunflower seeds , dash of olive oil , dash of paprika powder",2
8635760,HFI-6,12700,06/07/2022,picture,394,102," 2 speculoos biscuits ,  200 grams low-fat quark ,  10 grams of protein powder ,  50 grams of light cream cheese ,  45 grams of cherries",1
6072362,HFI-6,12700,04/07/2022,video,259,85," 1 banana ,  100 grams of low-fat quark ,  200 ml coconut drink ,  Splash of vanilla aroma ,  40 grams of chia seeds",2
6244095,HFI-6,12700,03/07/2022,picture,211,56,"15 grams of broken linseed , 50ml water , 2.5 banana , 120 ml almond milk , 40 grams of coconut blossom sugar , 40 grams of coconut oil , 1 teaspoon lemon juice , 200 grams of oat flour , 50 grams almond flour , 45 grams of oatmeal , 2 teaspoons baking powder , 1 teaspoon biscuit and gingerbread spices , 0.5 teaspoon baking soda , 50 grams of walnuts",1
6355323,HFI-6,12700,01/07/2022,picture,363,107," 8 rice sheets ,  handful of lettuce ,  Half cucumber ,  1 carrot ,  150 grams of red cabbage ,  1 bell pepper ,  50 grams of noodles ,  handful of Coriander ,  2 tablespoons peanut butter ,  2 tablespoons soy sauce , 1 teaspoon lime juice ,  1 teaspoon sambal",1
3359950,HFI-6,12700,28/06/2022,video,222,119," 15 grams of oat flour ,  15 grams of protein powder ,  1 egg ,  60 grams of low-fat cottage cheese ,  1 teaspoon instant coffee ,  1/2 teaspoon baking powder",1
3845105,HFI-6,12700,23/06/2022,video,343,95," 50 grams of quinoa ,  50 grams of tofu ,  55 grams sweet potato ,  Half avocado ,  20 grams of carrot ,  20 grams of red cabbage ,  30 grams of soybeans ,  15 grams of roasted chickpeas ,  15 grams of tahini ,  1 tbsp soy sauce ,  1 tbsp olive oil",1
7097909,HFI-6,12700,21/06/2022,picture,299,87," 45 grams of oatmeal ,  15 grams protein powder ,  5 grams of linseed ,  200 ml almond milk ,  10 grams of cocoa powder",1
4396515,HFI-6,12700,19/06/2022,video,283,71," 2 eggs ,  125 grams of applesauce ,  250 grams low-fat quark ,  30 grams of coconut oil ,  10 grams of agave syrup ,  Juice of a whole lemon ,  225 grams of whole wheat flour ,  1 teaspoon baking powder ,  1 teaspoon baking soda ,  125 grams of raspberries ,  30 grams of white chocolate",1
9779715,HFI-6,12700,14/06/2022,video,265,125," 250 grams of whole-wheat couscous ,  1 stock cube , 1 mango ,  100 grams of pomegranate ,  1 red onion ,  200 grams of feta ,  20 grams of almonds ,  handful of Parsley",1
4357127,HFI-6,12700,12/06/2022,video,175,67," 50 grams of oatmeal ,  50 grams of oat flour ,  20 grams of margarine ,  20 grams of honey ,  160 grams mango ,  10 grams grated coconut",2
2393578,HFI-6,12700,10/06/2022,picture,273,107," 500 grams of gnocchi ,  1 butternut squash ,  1 sweet potato ,  1 onion ,  1 vegetable stock cube ,  2 cloves of garlic ,  250 ml cooking cream light ,  250 grams of cherry tomatoes ,  pinch of Oregano ,  handful of Basil ,  handful of pine nuts",2
5494277,HFI-6,12700,08/06/2022,video,321,95," 2 slices of bread ,  65 grams of burrata ,  Half red onion ,  35 grams of sun-dried tomatoes ,  pinch of dill ,  1 tsp lemon juice",1
5595232,HFI-6,12700,05/06/2022,video,478,161," 3 bananas ,  3 eggs ,  150 grams of oat flour ,  100 grams of almond flour ,  8 grams baking powder ,  10 grams of agave syrup ,  50 grams Oreo",1
6958554,HFI-6,12700,02/06/2022,video,185,84," 300 grams of pasta ,  200 grams of chickpeas ,  250 grams of cherry tomatoes ,  60 grams of black olives ,  1 red onion ,  2 point peppers ,  125 grams of mozzarella light ,  20 ml olive oil ,  20 grams mayonnaise ,  Juice of 1 Lemon ,  2 tablespoons of water",4
8473049,HFI-6,12700,31/05/2022,video,351,120," 45 grams of oat flour ,  10 grams of protein powder ,  30 grams low-fat quark ,  1 teaspoon baking powder ,  80 ml almond milk ,  8 grams of caramelized biscuit ,  1 speculoos biscuit , handful of chocolate drops",1
6746926,HFI-6,12700,29/05/2022,video,325,86," 250 grams of oat flakes ,  40 grams of pecan nuts ,  40 grams of walnuts ,  20 grams of pumpkin seeds ,  1 teaspoon cinnamon ,  1 banana ,  30 ml maple syrup ,  30 grams of coconut oil",1
7125458,HFI-6,12700,27/05/2022,video,313,95," 12 grams of linseed ,  3 teaspoons of water ,  200 grams of applesauce ,  50 grams of almond paste ,  Splash of vanilla aroma ,  10 grams of coconut blossom sugar ,  1 teaspoon cinnamon ,  90 grams of oat flour ,  75 grams of almond flour ,  1 teaspoon baking powder ,  1 teaspoon baking soda ,  50 grams of pecan nuts ,  50 grams of dark chocolate",1
5282228,HFI-6,12700,24/05/2022,video,378,129," 90 grams of oatmeal ,  16 gr chia seeds ,  30 grams of protein powder ,  40 grams low-fat quark ,  240 ml almond milk ,  80 grams of strawberries",1
8314667,HFI-6,12700,20/05/2022,picture,373,110," 130 grams of buckwheat flour ,  1 teaspoon baking powder ,  1/2 teaspoon baking soda ,  140 grams low-fat quark ,  100 ml almond milk ,  1 egg ,  18 grams maple syrup ,  Splash of vanilla aroma ,  100 grams of strawberries",2
7343090,HFI-6,12700,17/05/2022,video,402,125," 125 grams of blueberries ,  20 grams of chia seeds ,  100 ml soy milk ,  Splash of vanilla aroma ,  50 grams of low-fat cottage cheese",1
2452802,HFI-6,12700,13/05/2022,picture,357,80," 135 grams of vegetarian tuna ,  100 grams of low-fat cottage cheese ,  8 grams of mustard ,  8 grams of mayonnaise light ,  Juice of half a lemon ,  Half red onion ,  45 grams of pickle",2
3541723,HFI-6,12700,06/05/2022,video,239,95,"300 grams orzo , 2 courgettes , 250 grams tomatoes , 250 grams of feta , handful of basil , 20 ml olive oil , juice of 1 lemon , 2 cloves of garlic , zest of 1 lemon , pinch of salt , pinch of pepper",4
4833791,HFI-7,11300,03/08/2022,picture,157,28," 200 g arugula ,  200 g mango ,  240 g chickpeas ,  3 spring onions ,  1 avocado ,  150 g light feta ,  pinch of salt ,  handful Fresh coriander ,  50 g cashew nuts",4
2904597,HFI-7,11300,22/07/2022,picture,157,25," 1 onion ,  2 cloves of garlic ,  2 bell peppers ,  2 spring onions ,  340 g vegetarian balls ,  350 g red lentil orzo @koro_nl ,  2 cans of diced tomatoes ,  1 tbsp olive oil ,  pinch of salt",4
5177615,HFI-7,11300,20/07/2022,video,212,38," 100 g quinoa ,  1 zucchini ,  1 tbsp olive oil ,  300 g oyster mushrooms ,  2 tomatoes ,  50 g iceberg lettuce ,  1 tbsp shawarma spices ,  Chili flakes ,  1 spring onion ,  1 clove of garlic ,  100 g greek yogurt ,  1 tsp lemon juice",2
3468167,HFI-7,11300,16/07/2022,picture,133,24," 1 eggplant ,  2 tbsp olive oil ,  pinch of salt ,  handful of pomegranate seeds ,  handful of fresh mint ,  100 ml Greek yogurt ,  1 tsp tahini ,  1 tbsp lemon juice ,  1/2 tsp garlic powder ,  1/2 tsp pepper",1
8700830,HFI-7,11300,14/07/2022,picture,128,17," 40 g oatmeal ,  5 g crushed flaxseed ,  160 g yogurt ,  15 g ginger juice ,  100 mango",1
5836623,HFI-7,11300,11/07/2022,picture,87,11," 2 cloves of garlic ,  2 onion ,  1 cauliflower ,  2 carrots ,  280 g lentils ,  2 tbsp yellow curry paste ,  1 vegetable stock cube ,  400 g diced tomatoes ,  400 ml coconut milk",1
8151378,HFI-7,11300,03/07/2022,picture,176,40," 1 banana ,  1 egg ,  100 g of low-fat quark ,  1 tsp cinnamon ,  20 g oatmeal",1
9559862,HFI-7,11300,01/07/2022,video,169,34," 25 g oatmeal ,  5 g broken linseed ,  1 banana ,  1 tsp cocoa powder ,  100 g low-fat quark ,  dash of sweetener ,  20 g dark chocolate ,  5 g peanuts",1
7331973,HFI-7,11300,14/06/2022,picture,191,16," 2 chicory stalks ,  1 tangerine ,  1 banana ,  100 g grapes ,  50 g low-fat quark ,  5 g mayonnaise ,  Splash of lemon juice ,  1 tsp curry",1
2602234,HFI-7,11300,08/06/2022,video,151,19,"30 g oatmeal , 30 g protein powder , 1 tsp cinnamon , 2 nectarines , 250 ml unsweetened almond milk , 10 g pumpkin seeds , 3 walnuts",1
5635624,HFI-7,11300,31/05/2022,picture,196,31," 1 white onion ,  2 cloves of garlic ,  1 red pepper ,  2 tomatoes ,  240 g chickpeas ,  500 g sweet potato ,  1 can of baby corn ,  45 g tomato puree ,  1 tbsp Yellow curry paste ,  1/2 cube vegetable stock ,  600ml water ,  400 ml coconut milk",4
9767596,HFI-7,11300,29/05/2022,picture,553,48," 240 g black beans ,  1 egg ,  2 proteins ,  30 g cocoa powder ,  1 tsp vanilla aroma ,  Dash of sweetener ,  50 g peanut butter",1
6039489,HFI-7,11300,26/05/2022,picture,142,18," 2 garlic cloves ,  450 g potatoes ,  2 aubergines ,  2 zucchini ,  2 red onions ,  1 red bell pepper ,  1 green pepper ,  400 g diced tomatoes ,  2 tbsp green pesto ,  1 tsp oregano ,  2 tbsp olive oil , pinch of salt ,  1 tbsp balsamic vinegar",4
7996868,HFI-7,11300,24/05/2022,video,223,49," 1 roll of dough ,  100 g apple sauce ,  10 g sugar ,  750 g rhubarb ,  10 g sliced almonds",1
9464064,HFI-7,11300,21/05/2022,video,166,33," 100 g beets ,  200 g dates ,  25 g linseed ,  100 g wheat flour ,  15 g grated coconut ,  dash of sweetener",1
5476332,HFI-7,11300,16/05/2022,picture,427,41,"300 g beets , 150 g smoked mackerel fillet , 50 g lamb's lettuce , 1 apple , 15 g pumpkin seeds , 100 g low-fat quark , pinch of salt , splash of Lemon juice",1
7241686,HFI-7,11300,13/05/2022,video,189,40," 240 g chickpeas ,  2 tbsp tahini ,  10 g lemon juice ,  190 g beetroot ,  2 cloves of garlic ,  2 tbsp olive oil ,  1/2 tsp cumin powder ,  pinch of salt",1
5071517,HFI-7,11300,10/05/2022,video,192,47," 100 g green asparagus ,  85 g lamb's lettuce ,  500 g snack tomatoes ,  200 g smoked salmon ,  40 g pine nuts ,  100 g low-fat yogurt ,  Splash of lemon juice",1
1115019,HFI-7,11300,08/05/2022,picture,712,42," 1 banana ,  1 apple ,  30 g oatmeal ,  1 egg ,  2 tsp cinnamon ,  5 g pecan nuts",1
7050215,HFI-7,11300,26/04/2022,picture,271,49," 125 g blueberries ,  110 g raspberries ,  400 g low-fat quark ,  30 g muesli",1
8356618,HFI-7,11300,25/04/2022,video,276,49,"1 banana , 25 g oatmeal , 1 egg , 5 g cocoa powder , 5 g dark chocolate , 5 g agave syrup , 5 g baking powder , 100 g low-fat quark , 15 g whey vanilla , handful of blueberries",1
9605039,HFI-7,11300,24/04/2022,picture,272,43,"100 g red grapes , 10 g oatmeal , 15 g agave syrup , 200 g cottage cheese",1
6321242,HFI-7,11300,20/04/2022,picture,298,53," 1 Turkish bread ,  70 g tomato puree ,  1 red onion ,  2 cloves of garlic ,  1 eggplant ,  200 g spinach ,  pinch of salt ,  70 g feta",1
5305088,HFI-7,11300,14/04/2022,picture,280,43," 3 ripe bananas ,  80 g peanut butter ,  2 eggs ,  1 tsp vanilla extract ,  80 g oat flour ,  40 g almond flour ,  15 g cocoa powder ,  1 tsp baking powder ,  Pinch of salt",1
9320470,HFI-7,11300,07/04/2022,picture,218,47," 1 banana ,  1 egg ,  1 egg white ,  1 tbsp Greek yogurt ,  25 g oatmeal",1
1306515,HFI-7,11300,02/04/2022,picture,201,40," 1 banana ,  2 g soy crisps ,  2 g dark chocolate drops ,  5 g hazelnuts ,  10 g hazelnut paste",1
1799619,HFI-7,11300,29/03/2022,video,209,29," 1 zucchini ,  1 egg ,  30 g wholemeal wheat flour ,  1 tbsp oregano ,  Handful of spinach ,  100 g tomatoes ,  1/4 red onion ,  15 g black olives ,  40 g grated cheese",1
8827980,HFI-8,10400,08/08/2022,picture,325,67,"2 slices of brown bread , 1 avocado , 4 slices of zucchini , 5 sundried tomatoes ,  handful of pomegranate seeds , 1/8 cucumber , 1 shallot , 1 tbsp olive oil , 1 tbsp green pesto , 20 g feta cheese ,  handful of arugula ,  pinch of salt",1
4642218,HFI-8,10400,06/08/2022,picture,547,85,"100 grams of oatmeal , 20 grams of chia seeds , 150 grams coconut yogurt , 200 ML milk , 50 grams of milk chocolate , 40 grams coconut milk",1
5695236,HFI-8,10400,04/08/2022,picture,747,101,"2 salmon fillets , teaspoon chopped garlic , 2 tablespoons soy sauce , 2 tablespoons teriyaki marinade , 1 tablespoon sesame seeds , 150 grams sushi rice , 3 tablespoons rice vinegar , 1 tablespoon sugar , half a tablespoon of salt , 1/2 cucumber , handful of cherry tomatoes , 1/2 avocado , handful of edamame beans , 2 tbsp wasabi mayonnaise",1
4409367,HFI-8,10400,02/08/2022,picture,178,65,"200 grams of flour , 30 grams almond flour , 80 grams of powdered sugar , pinch of salt , 120 grams unsalted butter , 1 egg , 125 ml whipped cream , 18 g vanilla sugar , 250 grams mascarpone , 1 tbsp maple syrup , handful blueberries",1
7345003,HFI-8,10400,31/07/2022,picture,310,67,"1 cucumber , 1 avocado , 100 g smoked salmon , 100 g sushi rice",1
8496004,HFI-8,10400,29/07/2022,picture,171,59,"4 limes , 2 eggs , 175 grams of sugar , half a tablespoon of cornstarch , 115 grams of unsalted butter",1
7055110,HFI-8,10400,27/07/2022,picture,213,67,"4 slices of white bread , 3 tbsp cream cheese , 2 slices of Parma ham , 1 coeur de boeuf , 1 ball of mozzarella ,  10 g butter ,  pinch of salt",1
5589979,HFI-8,10400,29/06/2022,picture,201,103,"500 grams of chicken breast , 50 g bag of chicken spices , 1 tablespoon olive oil , 1 mango , half a red onion , 10 cherry tomatoes , 1 avocado , 125 g sour cream , half a lemon , 4 handfuls of lettuce , pinch of salt",4
6354352,HFI-8,10400,13/06/2022,picture,228,89,"350 grams of flour , 2 teaspoons baking powder , 250 grams of unsalted butter , 175 grams of granulated sugar , 1 egg ,  8g vanilla sugar ,  300 g strawberry jam , 2 tbsp powdered sugar",1
2527388,HFI-8,10400,11/06/2022,picture,183,70," 100 grams of quinoa ,  200ml water ,  half stock cube ,  handful of lettuce ,  handful of pecans , 16 strawberries ,  6 tbsp sour cream , 2 tbsp balsamic vinegar",2
7506372,HFI-8,10400,09/06/2022,picture,330,60,"200 gr smoked salmon , 2 spring onions , 1 tablespoon mayo , 75 grams of herb cheese , 1 tablespoon lemon juice , pinch of salt",1
9250555,HFI-8,10400,07/06/2022,picture,539,74,"250 grams of pasta , 1 apple , 4 spring onions , half a red onion , 1/3 cucumber , 150 grams of chicken breast , 15 cherry tomatoes , 1 tablespoon Dijon mustard , 2 tablespoons honey , 3 tablespoons sunflower oil , 1 tablespoon mayonnaise",2
1243661,HFI-8,10400,05/06/2022,picture,286,74,"50 grams of oatmeal , 100 ml oat milk , 2 tablespoons Greek yogurt , Handful of raspberries , 1 tbsp raspberry jam ,  handful of coconut flakes",1
4310394,HFI-8,10400,02/06/2022,picture,202,70,"100 grams of rice noodles , pinch of salt , 200 grams wok strips , 2 cloves of garlic , half a lime , half red pepper , 3 tablespoons teriyaki sauce , 2 tablespoons soy sauce , half cucumber , 2 tomatoes , half red onion , half mango , handful of cashew nuts , handful of sesame seeds",1
8134739,HFI-8,10400,31/05/2022,picture,295,85,"200 g nachos , 3 tbsp mayonnaise , 1 pickle , half onion , 2 hamburger patties",1
9697198,HFI-8,10400,26/05/2022,picture,335,87,"500 grams of rhubarb , 2 grams agar , 120 grams of butter , 60 grams of sugar , 270 grams of flour , 8 grams vanilla sugar , 1 egg , 6 strawberries , handful of almond shavings , 1 tbsp sugar",1
2422737,HFI-8,10400,17/05/2022,picture,289,102,"250 grams of unsalted butter , 200 grams of dark chocolate , 200 grams of milk chocolate , 5 eggs , 200 gr dark brown sugar , 200 grams of flour , 100 grams of white chocolate , 10 oreo cookies",1
9908388,HFI-8,10400,13/05/2022,picture,530,93,"1 cucumber , 200 g cottage cheese , 200 grams smoked salmon , pinch of salt",1
2260868,HFI-8,10400,11/05/2022,picture,315,76,"1 zucchini , 1 yellow bell pepper , 250 grams of pasta , 1 can diced tomatoes with garlic , 1 cube of vegetable stock , pinch of salt , 1 jar boursin cuisine garlic and fine herbs , 200 g cream cheese",1
5997544,HFI-8,10400,09/05/2022,picture,419,82,"80 ml milk , 42 grams yeast , 400 flower , 50 grams of sugar , 18 grams vanilla sugar , 200 gr butter , 2 eggs , 200 gr sugar",1
9976844,HFI-9,45500,05/08/2022,video,316,25,"80 grams self-rising baking flour , 1 tbsp Greek yoghurt , handful of oregano , pinch of salt , 100 grams Mozzarella , 1 courgette , 1 white onion , 100 grams Prosciutto , handful of grated cheese , 500 g tomatoes",1
5212361,HFI-9,45500,01/08/2022,picture,822,82,"2 courgettes , 1 ball of burrata , HANDLE of cashew nuts , Pinch of pepper , Pinch of salt",1
6322097,HFI-9,45500,27/05/2022,video,875,82,"2 white onions , 5 cloves of garlic , 15 gr fresh basil , 100 gr bacon bits , 800 gr diced tomatoes , 600 gr fresh gnocchi , 1 ball of mozzarella , 20 gr grated parmesan cheese , Pinch of pepper , Pinch of salt",4
4984943,HFI-9,45500,15/06/2022,video,806,49," 200 grams sushi rice ,  300 grams chicken breast ,  1/2 Cucumber ,  1 Avocado ,  1 Carrot ,  1 egg ,  4 tsp panco ,  4 tsp chicken cajun spices ,  dash of Olive Oil ,  2.5 tbsp rice vinegar ,  1.5 tsp sugar ,  1 tsp salt",2
6694203,HFI-9,45500,30/05/2022,video,386,22," 80 gr couscous ,  350 gr chicken fillet ,  1/2 bag of gyros seasoning ,  1 carrot ,  1 cucumber ,  100g lettuce ,  20 g Feta Cheese",1
7641345,HFI-9,45500,26/05/2022,video,684,65,"250 g pasta, 2 white onions , 350g chestnut mushrooms, 250ml cooking cream , 3 tsp truffle paste , 200 g chicken",2
1485684,HFI-9,45500,16/06/2022,video,438,39,"1 wholemeal wrap , 2 tsp spicy taco salsa , 50 grams chicken , handful of iceberg lettuce , 1 slice cheddar cheese",1
2556548,HFI-9,45500,05/05/2022,video,255,21," 35 gr oatmeal ,  50 ml almond milk ,  50 gr low-fat soy quark ,  20 grams of protein powder ,  1 tsp baking powder ,  8 grams of dark chocolate drops ,  4 chocolate chip cookie",1
7745327,HFI-9,45500,04/05/2022,video,544,33,"1 Spring onion , 1 Red pepper , 3 cloves of garlic , 1 tbsp honey , 2 tsp curry powder , 1 Lemon , 2 tbsp soya sauce , 1 can of coconut milk , 80 gr basmati rice , 175 gr garlic prawns , 1/2 Broccoli",2
2335065,HFI-9,45500,29/04/2022,picture,420,40," 30 grams of oatmeal ,  20 grams of protein powder ,  50 ml milk ,  50 grams low-fat quark ,  1 tsp chocolate paste ,  1 tsp baking powder ,  3 oreo cookies",1
2734250,HFI-9,45500,24/04/2022,picture,390,24,"3 bars of dark chocolate , 150 gr unsalted peanuts , 50 gr raisins",1
3500656,HFI-9,45500,20/04/2022,video,1051,111,"250 grams gnocchi , 400 gr spinach leaves , 2 white onions , 5 cloves of garlic , 150 gr chicken breast , 100 gr bacon bits , 1 cup of pesto , 1 tsp sour cream",2
9712618,HFI-9,45500,14/04/2022,video,165,5,"500 gr chicken thigh fillet , 1 tbsp soy sauce , 1 tbsp garlic powder , 2 tbsp honey , 1.5 tsp smoked paprika powder , 2 tsp ginger powder , 2.5 tsp sambal oelek , Splash of olive oil , Splash of Worcestershire sauce",1
2295213,HFI-9,45500,13/04/2022,video,1183,93,"1kg of blade steak , 1 bottle of brown beer ,  500 ml water , 2 cubes beef stock , 4 white onions , 5 cloves of garlic , 2 tbsp tomato paste ,  2 tbsp soy sauce ,  2 tbsp wheat flour ,  2 tsp curry powder ,  1.5 tsp paprika powder ,  2 tsp sambal oelek ,  5 bay leaves, 1kg fries",4
4910308,HFI-9,45500,07/04/2022,picture,198,13,"1.2 kg chicken thigh fillet , 4 tbsp wheat flour , 5 onions , 2 large winter carrots , 6 garlic cloves , 175 gr chestnut mushrooms , 200 gr bacon , 2 bay leaves , 700ml water , 1 chicken stock cube , 750 ml dry white wine",4
9310133,HFI-9,45500,04/04/2022,video,1200,109,"2 white onions , 5 garlic cloves , 250 gr chicken fillet cubes , 375 g spinach , 250 ml cooking cream , 125 gr cream cheese , 1/3 ball of mozzarella , 160 gr pasta per person , pinch of salt",2
4577223,HFI-9,45500,31/03/2022,video,1277,88,"500 gr chicken wings , 1 spring onion , handful of sesame seeds , 1 tbsp soy sauce , 1 tbsp sweet soy sauce , 1 tbsp garlic powder , 1 tbsp sesame oil , 1 tbsp Rice vinegar , 1 tbsp olive oil , 2 tbsp honey , 2 tbsp ketchup , 1 tsp ginger powder , 1 tsp sugar",1
1560099,HFI-9,45500,16/03/2022,video,543,54,"350 gr wheat flour , 1 bag of dried yeast , 1 tsp sugar , 1 tsp salt , 1 tsp dried oregano , 80ml water , 160 ml milk , 1 tbsp olive oil , 350 chicken breast , 2 red onions , 1 cucumber , handful of lettuce , 200 gr Greek yogurt , 1 handful of dill , 1 handful of flat-leaf parsley , 1 pinch of nutmeg , 1 tsp garlic powder ,   3 pinches of salt",1
4822530,HFI-10,25600,05/08/2022,picture,803,69," 200 g pearl couscous ,  1 zucchini ,  1 tbsp olive oil ,  350 g tasty tomatoes ,  1/2 cucumber ,  1 can of lima beans ,  100 g fresh spinach ,  handful of toasted pine nuts ,  pinch of salt ,  3 tbsp extra virgin olive oil ,  1 tbsp lemon juice ,  1 tbsp mustard ,  1 shallot ,  pinch of salt ,  1 tbsp honey or agave",2
8411251,HFI-10,25600,03/08/2022,video,574,74," 300 g labneh ,  15 g butter ,  1 red onion ,  2 tbsp za'atar ,  1 tsp smoked paprika powder ,  2 tbsp extra virgin olive oil ,  4 dates ,  2 tsp honey ,  handful of pine nuts",1
8071355,HFI-10,25600,30/07/2022,video,823,55,"6 chestnut mushrooms , handful of spinach , 2 slices of goat cheese , 1 egg yolk",1
6089455,HFI-10,25600,27/07/2022,video,446,140,"350 g sweet potatoes , 250 g flour , 1 teaspoon salt , 6 tbsp corn flour",1
5355645,HFI-10,25600,25/07/2022,picture,828,71,"1 ball burrata ,   1 ripe avocado ,   80 g arugula ,   3 fresh figs ,   handful of cherries ,   handful of pistachios ,   3 tbsp olive oil ,   2 tbsp white wine vinegar ,   1 shallot ,   10 g basil ,   pinch of pepper",2
5485451,HFI-10,25600,22/07/2022,picture,663,69,"3 tbsp olive oil ,  2 pita ,  1 ripe avocado ,  handful of pomegranate seeds ,  1 cucumber ,  handful of cherry tomato",1
8268558,HFI-10,25600,20/07/2022,video,915,63," 250 g pasta ,  1 zucchini ,  2 tbsp butter ,  6 cloves of garlic ,  3 shallots ,  pinch of salt ,  30 g grated Parmagiano ,  1 tsp chili flakes ,  juice of 1/2 lemon ,  1 cup of water ,  handful of pistachios ,  handful of dried tomatoes ,  handful of parmagiano",2
2743128,HFI-10,25600,18/07/2022,picture,752,78," 300 g green asparagus tips ,  handful of mixed lettuce ,  2 ripe nectarines ,  100 g feta ,  2 tbsp cornflour ,  1 tbsp za'atar ,  1 tbsp olive oil ,  1 ripe avocado ,  3 tbsp extra virgin olive oil ,  1 tbsp lemon juice + 1 tsp grater ,  pinch of salt ,  handful of pistachios",2
3038019,HFI-10,25600,15/07/2022,video,1385,75,"1 cucumber , 2 tbsp soy sauce , 2 tbsp sesame oil , 2 tbsp rice vinegar , 1/2 tsp Chili Oil , 1 tbsp Garlic Sauce , 1/2 tsp chili flakes , 1 tbsp sugar ",1
8243796,HFI-10,25600,11/07/2022,picture,1541,109," can of tomatoes ,  handful of cherry tomatoes ,  3 cloves of garlic ,  1 tbsp olive oil ,  pinch of salt ,  1 eggplant ,  1 tsp chili flakes ,  20 g feta ,  1 tbsp capers ,  handful of grated pecorino ,  handful of pine nuts",2
1552422,HFI-10,25600,09/07/2022,video,1064,105,"500 g flour , 7 g yeast , 1 tbsp agave , 300 ml water , 10 g salt , 15 g olive oil",1
6819160,HFI-10,25600,05/07/2022,video,725,85,"3 ripe bananas , 3 eggs , 60 ml milk , 10 g oatmeal , 90 g almond flour , 1 tbsp cinnamon , 1 tsp salt , 1 tsp vanilla extract , 1 tbsp baking powder , handful of walnuts , 6 dates",1
3664704,HFI-10,25600,30/06/2022,picture,729,51,"10 g sage leaves , 50 ml olive oil , 50 g parmesan , 2 cloves of garlic , 1/2 zucchini , 2 handfuls of spinach , 1 tbsp lemon juice , pinch of salt , 40 g walnuts",2
1974915,HFI-10,25600,30/06/2022,video,1848,149,"1 flat bread , 5 tbsp hummus of your choice , handful of pomegranate seeds , 20 g feta , handful of pistachios , 1 tbsp balsamic vinegar , 1 eggplant , pinch of salt , 2 tbsp olive oil",1
2186635,HFI-10,25600,24/06/2022,picture,470,60," 1 avocado ,  500 gram butternut squash ,  1 tbsp olive oil , pinch of salt ,  handful of sesame seeds ,  1/4 cucumber ,  handful of romaine lettuce",1
4603168,HFI-10,25600,21/06/2022,video,438,59," 150 g almond flour ,  250 g oatmeal ,  2 tbsp peanut butter ,  50 g plant-based milk ,  75 g agave ,  50 g neutral oil ,  1 tsp salt ,  200 g red fruit ,  2 tbsp chia seeds ,  2 tbsp agave ,  1 tbsp lemon juice ,  80ml water",1
9929933,HFI-10,25600,19/06/2022,picture,1370,87,"1400 gram watermelon , 240 g lentils , 100 g feta , 1/2 cucumber , handful of mint , 50 g pistachios , 3 tbsp extra virgin olive oil , 1 tbsp balsamic vinegar , pinch of salt",2
3778588,HFI-10,25600,16/06/2022,video,687,61,"400 g chickpeas , 1 tbsp olive oil , pinch of salt , 1 tbsp za'atar",1
9225206,HFI-10,25600,13/06/2022,video,1174,65,"500 g dumplings , 4 tbsp soy sauce , 3 tbsp black vinegar , 3 tsp chili oil , handful of peas , 15 g butter , pinch of salt",2
6893398,HFI-10,25600,10/06/2022,picture,898,55,"250 g gnocchi , 250 g Brussels sprouts , 1 tsp garlic powder , 1 tsp paprika powder , 1 tsp cumin , 1/2 tsp cayenne pepper , 1 tsp salt , 1 tsp black pepper , 2 handfuls of toasted pecans , 36 g goat cheese , 3.5 tbsp honey , 1 tbsp mustard , 1 tbsp balsamic vinegar , 2 tbsp olive oil , pinch of salt , 40 g grated parmesan cheese",2
9842454,HFI-10,25600,01/06/2022,picture,1197,71,"2 slices of white bread , 2 tablespoons cream cheese , 1 tbsp olive oil , 20 g feta , handful of pine nuts , pinch of salt , 75 g broccoli",1
4803202,HFI-10,25600,30/06/2022,video,877,58,"1 eggplant , 1 tbsp salt , 2 tbsp tahini , 2 tbsp olive oil , 1 tbsp lemon juice , 1 clove of garlic , 1 tsp smoked paprika powder , 1 tsp ground cumin , 1/2 tsp salt , 1 tbsp agave syrup",2
5840807,HFI-10,25600,25/05/2022,picture,2399,135,"3 cloves of garlic , 250 g green asparagus , 300 g pearl couscous , 150 g peas , 1 zucchini , 200 g haloumi , 1 tbsp olive oil , pinch of salt , handful of pistachios",3
7419270,HFI-10,25600,24/05/2022,video,541,79,"140 g oatmeal , 60 g almond flour , 2 tbsp cocoa powder , 1 tsp baking powder , 1/2 tsp salt , 100 ml plant-based milk , 2 eggs , 3 bananas , 2 tbsp peanut butter , 100 g dark chocolate , 30 g peanuts",1
1073823,HFI-10,25600,17/05/2022,video,1705,117,"300 g spinach , 75 ml plant-based milk , 75 g parmesan cheese , 2 handfuls of basil , 2 cloves of garlic , 2 tbsp lemon juice , 2 avocado , 1 tsp chili flakes , pinch of salt , 300 g cauliflower , 1/2 tsp salt , 1/2 tsp pepper , 2 tbsp olive oil , 300 g pasta , 2 balls of burrata , 1 tbsp chili oil",3
1716638,HFI-10,25600,15/05/2022,picture,897,71,"5 strawberries , 1 tbsp chia seeds , 40 g oatmeal , 150 g quark , 100 ml plant-based milk , 1 tbsp strawberry jam",1
1276625,HFI-10,25600,10/05/2022,video,1743,192,"300 g oyster mushrooms , 1 large tbsp shawarma seasoning , 3 tbsp olive oil , 1 clove of garlic , 1 flatbread , 1 avocado , handful of cherry tomatoes , 1 red onion , 200 g chickpeas",2
2158163,HFI-10,25600,07/05/2022,picture,680,81,"80 g oatmeal , 1 banana , 120 ml plant-based milk , 1 tbsp linseed , 1 tsp cinnamon , 1 tsp vanilla extract , pinch of salt , 1 tsp baking powder",1
5776946,HFI-10,25600,05/05/2022,picture,637,70,"200 g couscous , 1 stock cube , 1 tbsp olive oil , 1 tbsp cinnamon , 1 tbsp cumin , 50 g raisins , 1 red onion , 2 aubergines , 2 tbsp chili paste , 1 cucumber , 4 tomatoes , handful of pomegranate seeds , 20 g feta , pinch of salt",1
