id,author,followers,date,media,likes,comments,ingredient_list,servings,calories,sugar,saturated_fat,sodium,protein,fiber,percentage_fvn,healthiness_score,nutri_score
2554,HFI-1,61600,29/07/2022,video,1223,93," 80 gr couscous ,  1 Cucumber ,  60 gr olives ,  2 large Tomatoes ,  70 gr Feta ,  50 gr rocket ,  4 tbsp cottage cheese ,  20 gr grated cucumber ,  handful of fresh dill ,  handful of mint ,  1 tbsp lemon juice , 1 red onion",2,294.8207266,1.938271605,1.049382716,174.2063492,3.109347443,0.14638448,64.72663139,-1,A
27404,HFI-1,61600,26/07/2022,video,992,161,"100 gr cooked beetroot , 2 eggs , 1 egg white , 35 gr oat flour",2,536.7380157,2.984251969,1.31496063,102.1338583,8.307086614,148.4015748,39.37007874,-7,A
21381,HFI-1,61600,24/07/2022,video,1367,220,"2 ripe bananas,  100 gr oat flaks,  2 tbsp almond paste,  50 gr blueberries, 50 gr strawberries",2,407.0102222,11.90598291,0.239316239,11.57264957,1.670940171,0.196581197,46.58119658,1,B
95444,HFI-1,61600,22/07/2022,video,873,103,"1 Eggplant,  1 zucchini,  dash of olive oil,  pinch of Pepper,  pinch of salt,  1 tbsp oregano,  1 lemon,  60 gr yogurt,  juice of 1/2 lemon,  2 tbsp pomegranate,  2 handfuls of fresh mint",2,129.0954182,3.545454545,0.215909091,11.15454545,1.3,6.963636364,89.95,-10,A
55461,HFI-1,61600,20/07/2022,video,1187,147,"200 gr Tomatoes,  125 gr corn,  200 gr Sweet potato,  1 avocado,  100 gr Quinoa,  1 Lime,  1 sweet pepper,  175 gr Chickpeas,  handful of Coriander,  2 tsp paprika powder,  1 red onion,  100 ml vegetable yogurt,  juice of 1/2 lime,  1 tsp paprika powder",2,429.2889038,3.177126918,0.564853556,14.88423989,3.456066946,3.619246862,41.89609484,-5,A
56232,HFI-1,61600,17/07/2022,video,1582,151,"85 grams of oatmeal,  2 eggs,  85 gr vegetable curd,  1 tbsp agave syrup,  2 tsp baking powder,  1 tbsp lemon juice,  1 tsp vanilla aroma,  1/2 lemon  65 gr blueberries,  2 tsp poppy seeds",2,651.3623913,13.97826087,2.445652174,324.1521739,0.391304348,135.9456522,29.34782609,4,C
76639,HFI-1,61600,15/07/2022,video,2556,254,"600 gr frozen mango,  2 frozen bananas,  juice of 1 lemon,  25 ml almond milk",2,272.2132915,12.53139013,0.091928251,4.820627803,0.865470852,34.88789238,80.49327354,-8,A
84996,HFI-1,61600,12/07/2022,video,1021,156,"2 salmon fillets with skin,  3 tbsp teriyaki sauce,  1 tsp Chili oil,  Juice of 1 lime,  pinch of salt, pinch of pepper,  200 gr Green asparagus,  dash of olive oil,  2 Spring onions, handful of sesame seeds,  handful of fresh parsley",2,408.2770091,1.896656535,0.647416413,344.6018237,11.53799392,0.465045593,30.39513678,-1,A
97603,HFI-1,61600,08/07/2022,video,1026,127,"2 large sweet potatoes,  2 tsp smoked paprika powder,  1 tsp garlic powder,  pinch of Pepper,  pinch of salt,  dash of olive oil,  200 ml diced tomatoes,  1/2 onion, 2 cloves of garlic,  1 tsp paprika powder,  1 tsp sriracha,  60 ml chips line, 2 tsp lemon juice",2,363.6045115,3.683438155,0.331236897,88.8951782,1.641509434,0.203354298,84.99895178,-5,A
75205,HFI-1,61600,05/07/2022,video,1578,163,"150 gr sweet potato,  180 gr pasta,  300 gr sweet pointed pepper,  dash of olive oil,  1 lemon,  pinch of Pepper,  pinch of salt,  100 ml vegetable cooking cream,  hand of fresh basil,  2 hands arugula,  hand of Parmesan,  hand of pine nuts ",2,955.7165565,3.006521739,2.8,120.5543478,5.915217391,23.97391304,63.04347826,-5,A
35025,HFI-1,61600,03/07/2022,video,1258,191,"70 grams of oat flour,  135 gr quark,  2 eggs,  2 tsp baking powder,  1 tsp vanilla aroma,  80 gr strawberries",2,595.905658,2.813471503,1.041450777,302.7564767,0.373056995,184.3678756,20.7253886,0,B
88253,HFI-1,61600,01/07/2022,video,1317,132,"1 zucchini of 300 gr,  2 peaches,  1 cucumber,  2 hands fresh thyme,  olive oil,  30 gr pomegranate,  30 gr almonds,  65 gr vegetable yogurt,  juice of 1/2 lemon,  hand of fresh thyme ",2,297.5653884,4.446280992,0.690082645,9.592975207,1.679752066,6.295454545,72.9338843,-8,A
43949,HFI-1,61600,28/06/2022,video,1561,162," 2 courgettes , Handful of fresh basil , Handful of fresh parsley , 0.5 tsp turmeric , 1 tbsp pesto , 400 ml water , 1 stock cube , pinch of salt , pinch of pepper , clove of garlic , half an onion",4,92.53076923,1.95,0.146153846,115.6192308,0.869230769,0.092307692,18.84615385,1,B
40365,HFI-1,61600,24/06/2022,video,1398,202,"1 aubergine , 1 tbsp Italian herbs , Pinch of pepper , pinch of salt , dash of olive oil , 50 grams small tomatoes , 1/2 red pepper , 6 tbsp tomato sauce , 9 tbsp pesto , Handful of grated cheese , Handful of fresh basil",3,370.8089588,3.460674157,1.161048689,218.423221,1.72659176,0.194756554,78.27715356,1,B
8114,HFI-1,61600,22/06/2022,video,889,127,"60 gr oat flour , 15 gr cocoa powder , 150 ml almond milk , 75 gr (vegetable) quark , 20 gr dark chocolate chips + pinch of salt , 1 tbsp maple syrup , 1 tsp vanilla aroma , 2 tsp baking powder",2,607.673989,5.591160221,2.220994475,346.5856354,0.397790055,244.3646409,20.71823204,2,B
1909,HFI-1,61600,15/06/2022,video,1784,193,"1/2 watermelon ,  1 Cucumber ,  Handful of fresh mint ,  60 gr Feta ,  Juice of 12 lime ,  1 tbsp balsamic vinegar ,  1 tbsp Olive oil ,  50 gr hands Arugula ,  Pinch of salt ,  pinch of pepper",1,152.5351591,5.014407335,0.340209561,25.44793713,0.886051081,2.952848723,90,-4,A
82747,HFI-1,61600,14/06/2022,video,702,134,"200 gr white asparagus , 200 gr green asparagus , 150 gr (gluten free) couscous , 200 ml boiling water , 150 gr Green peas , juice from 1 lemon ,  1 handful fresh Parsley ,  1 handful fresh basil ,  Pinch of salt ,  pinch of pepper ,  50 gr feta ,  1 Shallot ,  2 tbsp pesto",2,417.9422495,1.894433781,0.86756238,89.7696737,4.370441459,521.4107486,52.7831094,-7,A
40615,HFI-1,61600,10/06/2022,video,990,120,"250 g sweet potato , 40 gr corn salad , 200 gr cucumber , 70 gr pomegranate , 200 gr edamame , 30 gr pistachio nuts , Handful of dill",2,395.4408283,3.949494949,0.396464646,19.81313131,4.484848485,3.305555556,69.44444444,-6,A
31892,HFI-1,61600,08/06/2022,video,2276,249,"60 gr oat flour , 1 tsp baking powder , 2 eggs , 100 gr quark , 1 tsp vanilla aroma , 1 tbsp agave syrup , 4 strawberries",2,688.2294969,6.766871166,1.171779141,204.190184,0.441717791,171.2269939,3.680981595,1,B
11352,HFI-1,61600,03/06/2022,video,1432,155,"150 gr fusilli , 250 gr cherry tomatoes , 175 gr courgette , 120 gr cucumber , 6 sun dried tomatoes , 60 gr feta (vegan) or mozzarella , 20 gr pine nuts , 2,5 tbsp vegan pesto , 1 handful fresh basil , Juice of 1/2 lemon , Dash of olive oil , 2 hands arugula",2,612.956,2.825791855,1.63800905,129.5158371,5.239819005,92.72850679,64.36651584,-7,A
66465,HFI-1,61600,31/05/2022,video,1816,195,"500 g sweet potato , 100 gr spinach , 100 gr thin green asparagus , Handful of sage , 70 gr macadamia nuts , Juice of 1 lemon , 150 ml cooking cream , Dash of olive oil , 40 gr parmesan , 2 tsp truffle tapenade",3,715.757614,3.108187135,5.026315789,101.5643275,3.660818713,0.611111111,75.04873294,4,C
74123,HFI-1,61600,26/05/2022,video,1458,219,"95 gr oat flour , 1 tsp baking powder , 0,5 tl baking soda , dash of apple vinegar , 1 tsp vanilla aroma , 80 gr cottage cheese , 60 ml almond milk , 1 tbsp maple syrup , 1 tbsp melted butter , 0.5 tbsp coconut blossom sugar , 2 tsp cinnamon , 50 gr yoghurt , 1 tbsp maple syrup",2,863.3593043,9.239130435,3.059782609,635.6467391,0.391304348,169.8858696,0,9,C
2625,HFI-1,61600,24/05/2022,video,2584,271,"30 gr Parmesan , 150 gr Risotto rice , 260 cherry tomatoes , 1 lemon , 175 gr red pepper , 250 ml vegetable stock , Pinch of salt , pinch of pepper , 1 garlic clove , 1/4 red onion , Fresh basil",2,126.0286241,2.393728223,0.115369725,38.93341076,1.277971351,200.5574913,5.807200929,-5,A
337,HFI-1,61600,20/05/2022,video,1267,160,"5 Rice sheets , 1 head of Romaine lettuce , 3 carrots , 1/2 Cucumber , 1/2 Mango , 1 Avocado , Handful of sesame seeds , Handful of fresh parsley , 1 Lemon , 2 tbsp peanut butter , 2 tbsp soy sauce , 1 tsp agave syrup",2,251.131956,3.097527473,0.553571429,161.2458791,1.921703297,11.13598901,89.42307692,-10,A
2922,HFI-2,63300,28/07/2022,video,1445,215,"350g penne , 1 onion , 3 cloves of garlic , 1 zucchini , Pinch of salt , Pinch of pepper , 2 avocados , 20 g sunflower seeds , 30 g walnuts , 2 tbsp noble yeast flakes , 200 g peas , 2 handfuls fresh spinach , 2 tbsp olive oil , 350 ml milk , 1 vegetable stock cube",4,716.5897399,2.926008969,1.302690583,55.32735426,5.529147982,3.5,27.24215247,-3,A
79848,HFI-2,63300,26/07/2022,video,649,118,"4 sweet potatoes , 2 tbsp olive oil , 1 red onion , 1/2 bell pepper , 1 red bell pepper , 200 g cherry tomatoes , 1 tsp cumin powder ,  1 tbsp tomato puree , 400g tin of brown beans , 80 g corn, pinch of pepper, pinch of salt",3,421.4530125,3.7171875,0.5,79.5171875,4.634375,3.15625,34.58333333,-4,A
3888,HFI-2,63300,23/07/2022,video,1085,165,"3 bananas , 10 dates , 200 ml plant-based milk , 275 g buckwheat or oat flour , 80 g almond flour , 1 tsp baking powder , 2 tsp baking soda , 1 tbsp apple cider vinegar , 2 tbsp white coconut paste , 20 g grated coconut , 30 g finely chopped almonds",1,991.8066816,9.864990689,2.516759777,293.3649907,7.232774674,60.57914339,14.4320298,0,B
43073,HFI-2,63300,21/07/2022,video,840,198,"300 g gluten-free couscous , 2 tbsp olive oil , 2 cloves of garlic , 200 g asparagus tips , 350 g cherry tomatoes ,  pinch of pepper , pinch of salt , 2 tbsp lemon juice , 200 g lettuce , 265 g brown lentil ,  1 can of artichoke hearts ,  40 g finely chopped peanuts , cup of honey mustard dressing",4,710.3063648,3.890985325,0.412997904,119.9685535,6.758909853,0.188679245,53.98322851,-2,A
94259,HFI-2,63300,16/07/2022,video,762,120,"250 g orzo , 200 g asparagus tips ,  1 yellow bell pepper , 1 green bell pepper , 1 red onion ,  1 red bell pepper , 250 gr cherry tomatoes , dash of Olive oil, , pinch or garlic powder , pinch or cumin powder , pinch of pepper , pinch or salt , 300 g brown lentils ,  2 avocados , 150 g arugula, cup of garlic dressing",4,600.7261447,1.964749536,0.484230056,9.758812616,6.586270872,0.499072356,44.3877551,-4,A
4401,HFI-2,63300,11/07/2022,video,1396,200,"1 large cucumber , 1150 g sushi rice , 2 tbsp rice vinegar ,  200 g vegan chicken pieces ,  100 g vegetable yogurt ,  1 tsp sambal ,  1/2 tsp garlic powder ,  1/2 tsp black pepper ,  pinch of salt ,  1 avocado ,  handful of sesame seeds",2,1097.163714,0.521052632,0.717894737,14.84,5.963157895,1.982105263,14.73684211,-2,A
78017,HFI-2,63300,07/07/2022,video,963,151,"1 green zucchini , 1 red bell pepper , 1 eggplant , 1 red onion , 2 tbsp olive oil , 1 tbsp Italian herbs , pinch of pepper , pinch of salt , 350 g orzo , 400 g brown lentils , 40 g pistachios , 1 handful of fresh mint, cup of pesto dressing",2,936.3014178,3.033707865,1.229826353,124.6179775,9.127681307,13.27170582,41.52196118,-7,A
94522,HFI-2,63300,03/07/2022,video,1553,200,"300 g cherry tomatoes ,  2 red peppers , 1 onion ,  3 cloves of garlic , 400g cannellini beans , 2 tbsp olive oil ,  1 tbsp capers ,  pinch of Pepper , pinch of salt ,  1 tbsp Italian herbs , 500g ravioli ,  1 tbsp red pesto ,  1 cube of vegetable stock ,  handful of pine nuts ,  handful of fresh basil",3,626.3502338,2.085343228,1.493506494,272.9814471,6.432282004,2.820037106,25.97402597,-2,A
19988,HFI-2,63300,01/07/2022,video,1451,210,"3 bananas , 1 jar of peanut butter , 100 g walnuts , 50 g dark chocolate paste",1,1055.552776,11.46534653,3.736633663,3.926732673,7.920792079,0.368316832,43.16831683,3,C
59811,HFI-2,63300,29/06/2022,video,1106,188,"2 aubergines , 2 tbsp olive oil , 350 g wholemeal pasta penne , 1 onion , 3 cloves of garlic , 400g diced tomatoes , pinch of pepper , pinch of salt , 1 tsp cumin powder , 1 tbsp oregano , 2 tbsp tahini , 1/2 tsp garlic powder , 265g brown lentils",4,585.9023667,2.517958412,0.378071834,6.782608696,6.623818526,13.85066163,40.54820416,-9,A
10787,HFI-2,63300,27/06/2022,video,821,131,"250 g quinoa , 1 cucumber , 250 g cherry tomatoes , 1 mango , 4 spring onions , 1 yellow bell pepper , 2 avocados , 2 tbsp olive oil , 4 chili burgers , pinch of pepper , pinch of salt to , 1 lime , 100 g yogurt , 1 tsp garlic powder",4,476.3770634,2.961145194,0.854805726,9.764826176,3.020449898,13.49284254,50.51124744,-6,A
47157,HFI-2,63300,25/06/2022,video,1598,151,"1 green zucchini ,  1 red bell pepper , 3 tomatoes on the vine , 1/2 zucchini , 1 red onion , 2 tbsp olive oil ,  1 tbsp Italian herbs , pinch of pepper , pinch of salt , 250g tortellini , cup of pesto dressing",3,644.256557,2.943037975,1.917721519,245.8164557,4.170886076,66.89240506,44.58509142,-4,A
64145,HFI-2,63300,22/06/2022,video,1176,153,"1 eggplant , 2 tbsp olive oil , 1 tbsp Italian herbs , Salt and pepper to taste , 300 g pearl couscous , 265 g brown lentils , 40 g almonds , 100 g pomegranate seeds , 100 g fresh spinach, finely chopped , 150 g yogurt",4,828.6631602,3.080110497,0.671270718,67.91712707,8.964088398,117.5469613,41.29834254,-9,A
19772,HFI-2,63300,19/06/2022,video,1524,197,"1 eggplant , 2 broccoli , 1 tbsp sweet soy sauce , 1 tsp apple cider vinegar , 25 ml soy sauce , 1 tsp garlic powder , 1 tsp ginger powder , 1/2 tsp black pepper , 1-2 tbsp sesame oil , 200 g quinoa , 250 g edamame beans , 200 g yogurt",3,336.2004115,2.735257215,0.450439147,93.00125471,4.371392723,85.01129235,44.58385613,-6,A
715,HFI-2,63300,15/06/2022,video,734,154,"300 g brown skin rice , 1 onion , 2 cloves of garlic , dash of olive oil , 2 tbsp yellow curry paste , 275 g vegan chicken pieces , 2 tsp tandoori spice mix , 1 tsp paprika powder , dash of pepper , dash of salt , 400ml coconut milk , 1/2 cube vegetable stock , 250 g fresh spinach , 400 g chickpeas , 30 g almonds ",4,794.7547103,1.696261682,5,27.32476636,6.829439252,79.30140187,16.64310748,-3,A
80626,HFI-2,63300,12/06/2022,video,877,112,"1 pumpkin , splash of olive oil , salt and pepper to taste , 250 g cherry tomatoes , 1 red onion , 2 cloves of garlic , 1 tbsp Italian herbs , 200 g lentils orzo , 400 ml vegetable stock , 200 ml plant-based milk , handful of pine nuts , handful of fresh basil",3,242.7752479,2.639247944,0.284371328,90.44888367,2,5.37720329,63.10223267,-7,A
27299,HFI-2,63300,08/06/2022,video,984,150,"300 g quinoa , 400 g chickpeas, canned , 2 carrots , 2 parsnips , 1 zucchini , 1 sweet potato , dash of olive oil , pinch of pepper , pinch of salt , 1 tsp garlic powder , 2 tsp turmeric , 3 tbsp tahini , 3 tbsp olive oil , juice of 1/2 lemon , 100 g corn , 50 g cashew nuts",4,764.5937445,3.431718062,0.942731278,20.05726872,6.04845815,4.746696035,37.88546256,-6,A
68307,HFI-2,63300,06/06/2022,video,1091,175,"1 eggplant , 265 g chickpeas , 3 tbsp olive oil , 3 tbsp tahini , 1 tsp garlic powder , 1 tsp cumin powder , pinch of salt , pinch of pepper , 2 tbsp lemon juice",1,599.8172497,3.521893491,1.190532544,10.4852071,4.352662722,0.244970414,54.20118343,-1,A
71464,HFI-2,63300,04/06/2022,video,1236,172,"150 g oyster mushrooms , 2 tbsp soy sauce , splash of olive oil , 1 tsp gyros seasoning , 1 tsp smoked paprika powder , 1/2 red onion , 2 cloves of garlic , 125 g cooked quinoa , 200 g cherry tomatoes , 1/2 red bell pepper , 1/2 cucumber , 100 g chickpeas , 150 ml yogurt , â â â â â â â â â ",2,285.8091191,2.623818526,0.574669187,204.0302457,3.173913043,2.117202268,58.50661626,-2,A
53253,HFI-2,63300,02/06/2022,video,1222,159,"1 cauliflower , 400 g chickpeas , 3 tbsp olive oil , 1 tsp garlic powder , 1 tsp garam masala , 1 tsp black pepper , splash of olive oil , pinch of pepper , pinch of salt , 200 g fresh spinach , 75 g sun-dried tomato , 40 g pistachiosâ â â â â â â  , cup of avocado dressing",3,564.305517,4.215568862,1.077844311,32.72255489,4.998003992,106.3512974,59.21490353,-7,A
41450,HFI-2,63300,29/06/2022,video,1056,154,"425 ml almond milk , 200 g oatmeal , 20 g cocoa powder , 50 g agave syrup , 75 g pistachio paste , 1 tbsp linseed , 1 tsp baking powder , pinch of salt , 50 g dark chocolate , 30 g pistachios",4,616.6645455,6.290909091,2.309090909,129.0272727,9.772727273,3.240909091,11.93181818,-3,A
33235,HFI-2,63300,27/06/2022,video,1065,159,"150 g fresh arugula , 125 g brown rice , 2 tbsp rice vinegar , 1/2 cucumber , 1 avocado , 1/2 red onion , 400 g beef ribs , 2 handfuls of pomegranate seeds , 20 g cashew nuts",2,602.4224531,1.00390625,1.88671875,25.15820313,7.623046875,1.951171875,45.8984375,-5,A
31726,HFI-2,63300,25/06/2022,video,2891,215,"300 g wholemeal couscous , 600 g chickpeas , 2 tbsp tomato puree , 2 tbsp soy sauce , 1 tsp ras el hanout , 1 tsp cinnamon , 2 tbsp tahini , 1 tsp garlic powder , juice of 1/2 lemon , 200 ml water , 400 g spinach",4,630.2137086,2.051851852,0.279012346,150.0716049,6.990123457,118.2888889,24.69135802,-3,A
34677,HFI-2,63300,23/06/2022,video,2425,235,"1 pointed cabbage , 1 onion, sliced , 3 cloves of garlic , 1/2 red pepper, finely chopped , 2 cm fresh ginger , 2 tbsp olive oil , 1 tsp sambal oelek , 2 tbsp soy sauce , 2 tbsp sweet soy sauce , 150 ml plant-based milk , 1 tbsp lemon juice , 3 slices of whole-wheat gingerbread , 500 g rice",4,1049.803636,4.458677686,0.82231405,284.6404959,4.892561983,87.69834711,12.39669421,-2,A
80319,HFI-2,63300,21/06/2022,video,1634,138,"1 cauliflower , 400 g chickpeas , 1 red onion , 2 tbsp tomato puree , 3 tbsp olive oil , 1 tbsp maple syrup , 3 tbsp soy sauce or tamari , 1 tsp garlic powder , 1 tsp onion powder , 1 tsp smoked paprika powder , 350 g quinoa , 250 g cherry tomatoes , 2 avocados , 2 spring onions",4,612.7604515,2.608465608,0.828924162,146.1587302,5.079365079,4.407407407,36.37566138,-5,A
60595,HFI-2,63300,18/06/2022,video,1479,139,"4 sweet potatoes , 600 g chickpeas , 2 tbsp olive oil , pinch of pepper , pinch of salt , 300 g baby spinach , 40 g pine nuts , cup of Caesar salad dressing",4,718.7270436,3.599620493,1.34914611,173.6166983,4.104364326,82.15180266,26.85009488,-3,A
54886,HFI-2,63300,16/06/2022,video,2011,172,"300 g orzo , 1 cauliflower , 2 carrots , 1/2 zucchini , 1 red onion , 1 red bell pepper , 1 yellow bell pepper , dash of olive oil , 1 tbsp Italian herbs , pinch of pepper , pinch of salt , 400g brown lentils, cup of hummus",4,653.390687,2.15648855,0.297709924,61.56679389,8.547709924,0.566793893,51.04961832,-1,A
77551,HFI-2,63300,14/06/2022,video,1259,185,"4 sweet potatoes , 600 g tofu , 2 tbsp olive oil , 2 tbsp cornflour , 1 tbsp chicken seasoning , 500 g iceberg lettuce , 1 red onion , 1 cucumber, cup of garlic sauce",4,314.2462933,3.681481481,0.272592593,452.1614815,2.797037037,0.134814815,38,4,C
83221,HFI-3,15700,02/08/2022,video,208,54,"2 vegan bratwursts , 4 tbsp cooked sauerkraut , 1 avocado , 1 tsp sriracha (hot sauce) , 1 lime , 1 tomato , 2 hot dog buns , 3 tsp mayonnaise",2,693.6019883,1.909356725,2.877192982,314.2368421,4.771929825,12.90350877,36.42105263,0,B
49291,HFI-3,15700,27/07/2022,video,2063,148,"4 hard-boiled eggs , 2 tbsp Greek yogurt , 1 tsp mustard , handful of chives",1,582.1712134,1.410041841,2.753138075,131.3472803,11.9623431,164.2343096,0,-6,A
90221,HFI-3,15700,21/07/2022,picture,309,67,"80ml espresso , 1 egg , 50 ml almond milk , 3 tbsp cinnamon , 8 slices of baguette , 1 peach , handful of red fruit , dash of greek yogurt",1,593.5568289,4.1875,0.485197368,287.2845395,27.89473684,10.11677632,24.83552632,-6,A
82435,HFI-3,15700,15/07/2022,video,1113,147,"75 g chicken breast , 2 tsp gyros seasoning , 2 wraps , 1 slice Milner cheese , 2 tbsp passata , 1/2 red onion , 20 g grated cheese 30+ , 2 tbsp tzatziki , handful of arugula",1,729.3092364,2.445454545,3.815151515,306.5272727,10.77575758,3.5,6.060606061,0,B
53653,HFI-3,15700,14/07/2022,video,222,65,"5 eggs , 200 ml almond milk , 100 g flour , 50 g chicken breast , 2 slices of cheese , handful of chives",4,650.4028,0.24375,2.825,158.35625,9.83125,124.05,0,-6,A
35814,HFI-3,15700,07/07/2022,video,280,45,"1 white onion , 200 g fries , 250 g steak , 40 g young mature cheese , 2 tbsp pickles slices , drizzle of mustard , drizzle of ketchup",2,803.7901134,1.746268657,4.865671642,298.0507463,10.05373134,0.235820896,0,4,C
51122,HFI-3,15700,05/07/2022,video,3078,249,"90 g oat flour , 75 g whey protein , 3 tsp baking powder , 10 g cocoa powder , 120 g applesauce , 100 g Greek yogurt , 180 ml soy milk , 8 ml sweetener , 3 g red food coloring , 200 g dairy spread light , 3 tsp vanilla aroma , 3 ml sweetener",6,1070.704059,3.257352941,4.580882353,369.5882353,0.529411765,0.5,0,11,D
87729,HFI-3,15700,30/06/2022,picture,409,63,"2 steaks , 160 g fresh spaghetti , 50 g dairy spread light , 25 g pesto , 150 g cherry tomatoes",2,973.1145203,1.050119332,4.634844869,97.60143198,13.66348449,0.894988067,17.89976134,2,B
91595,HFI-3,15700,29/06/2022,video,292,83,"30 g oatmeal , 100 g low-fat quark , 1 cup of coffee , 50 ml plant-based milk , 50 g protein powder , 1 tbsp chia seeds , 2 tbsp instant coffee , 2 tbsp water , 1 tbsp sugar",1,366.9281651,4.12195122,0.452157598,27.7260788,76.69793621,60.98311445,0,-9,A
82128,HFI-3,15700,22/06/2022,video,850,93,"200 g chicken breast , 1/4 bag of shoarma herbs , 1 red onion , 4 tbsp tomato puree , 2 naan breads , 80 g mozzarella light , handful of iceberg lettuce , 1/2 tomato , cup of garlic sauce",2,655.9860599,5.906187625,1.566866267,1404.842315,8.245508982,77.4251497,12.3752495,8,C
78935,HFI-3,15700,17/06/2022,video,282,63,"100 g flour , 20 g almond flour , 50g whey protein , 1 sachet baking powder , 200 ml almond milk , 100 g quark , 2 eggs , 1 banana , 70 g applesauce , 40 g peanut butter , handful of Walnuts , handful of dark chocolate",1,747.6490036,4.237635706,1.3039807,96.22195416,11.70325694,86.78287093,17.85283474,-6,A
74849,HFI-3,15700,15/06/2022,video,700,107,"10 strawberries , 150 g low-fat quark , 2 tbsp protein powder , 1 tbsp dairy spread light , 2 speculoos cookies",1,559.9502651,5.484939759,1.38253012,79.59036145,13.7439759,0.891566265,3.614457831,-2,A
37378,HFI-3,15700,09/06/2022,video,398,103,"30 g oatmeal , 50 g low-fat quark , 100 ml almond milk , 40g whey protein , 10 g speculoos pasta , handful of fruit , 2 speculoos cookies",1,607.3474864,3.73540856,0.957198444,112.770428,17.04669261,66.14396887,0.389105058,-8,A
48625,HFI-3,15700,07/06/2022,picture,328,85,"20 g granola , 150 g dairy spread light , 150 g low-fat quark , 2 tsp vanilla aroma , 50 g strawberry , 50 g strawberry jam light , handful of red fruit",1,1226.097305,8.881118881,5.976689977,245.4335664,0.673659674,19.87878788,11.88811189,6,C
83106,HFI-3,15700,03/06/2022,video,1109,89,"100 g tuna , 3 tbsp low-fat quark , 2 tsp tomato puree , 2 tsp mild mustard , Pinch of paprika powder , 1 egg",1,389.6499429,1.257142857,0.8,196.1047619,14.88095238,113.7047619,1.20952381,-7,A
24632,HFI-3,15700,01/06/2022,picture,541,67,"2 wraps , 1 tsp smoked paprika powder , 30 g grated cheese , 200 g lean ground beef , 1 bag taco seasoning , 1 red bell pepper , 20 g corn , 20 g black beans , 20 g kidney beans , 25 g cottage cheese , Coarse sea salt , 1/2 avocado",2,612.0394381,1.675585284,2.471571906,222.5351171,10.89632107,2.899665552,19.89966555,-3,A
61863,HFI-3,15700,31/06/2022,video,376,60,"40 g speculoos , 40 g dark chocolate , 3 rice cakes , 1 handful of granola , pinch of sea salt",1,2163.128,21.20238095,9.107142857,43.99404762,19.04761905,108.3809524,0,14,D
12152,HFI-3,15700,20/06/2022,video,587,79,"115 g flour , 250 ml almond milk , 1 tbsp cinnamon , 1 tbsp sugar",1,546.3842607,3.187969925,0.052631579,86.87218045,3.385964912,52.86215539,0,-6,A
60855,HFI-3,15700,17/06/2022,video,437,74,"2 slices of white bread , 1 tbsp honey mustard , 2 slices of cheese , 1 egg , 50 ml milk , 50 g smoked salmon , 1/2 avocado , 1/2 tomato",1,699.976373,2.512820513,3.757575758,271.3123543,8.552447552,140.1398601,28.67132867,-2,A
71588,HFI-3,15700,12/06/2022,video,1006,147,"250 g asparagus , 1 tsp pesto , 25 g truffle burrata , 50 g serrano ham , 15 g walnuts",1,408.6373333,1.52173913,1.663768116,299.7246377,8.194202899,41.94202899,76.8115942,-7,A
55843,HFI-3,15700,10/06/2022,video,1245,147,"12 speculoos biscuits , 100 protein powder , 100 ml almond milk",1,1323.979313,10.03067485,3.493865031,218.0889571,27.6993865,0.128834356,0,5,C
96985,HFI-3,15700,04/06/2022,video,372,67,"200 g gnocchi , 1 red onion , 1 garlic clove , 50 g sun-dried tomato , 100 ml cooking cream , 1 splash of white wine , 150 g turkey bacon , 300 g white asparagus , handful of arugula",2,659.2889451,3.44092827,3.877637131,443.3776371,0.162447257,119.4029536,39.02953586,3,C
24895,HFI-3,15700,02/06/2022,video,1314,136,"130 g sushi rice , 180 g tuna , 1 tbsp sriracha , 2 tbsp quark , 1 tbsp soy sauce , 1/4 avocado , 1 tsp mayonnaise , 1 tsp soy sauce , 1/4 spring onion",1,760.9192074,0.513824885,0.49078341,490.5368664,11.70967742,0.34562212,0,2,B
99668,HFI-3,15700,26/05/2022,video,434,88,"115 g flour , 250 ml almond milk , 200 g chocolate pudding , 1 tbsp nougatine",1,875.5182591,23.5388601,0.316062176,553.3195164,2.417962003,0.158894646,0,13,D
34898,HFI-3,15700,19/05/2022,picture,401,48,"1 steak , 1 red onion , 2 tbsp vinegar , 2 tbsp water , 2 tsp sweetener , pinch of salt , 1/2 red pepper , 1 cucumber , 1 tomato , 50 g Greek yogurt , 1/2 lime , handful of iceberg lettuce , 1 wrap",1,303.2626733,1.786213786,1.529470529,41.64535465,5.792207792,0.151848152,60.93906094,-4,A
16244,HFI-3,15700,17/06/2022,picture,313,67,"2 slices of white bread , 1 tbsp honey mustard , 2 slices of cheese , 1 egg , 50 ml milk , 50 g smoked salmon , 1/2 avocado , 1/2 tomato",1,699.976373,2.512820513,3.757575758,271.3123543,8.552447552,140.1398601,28.67132867,-2,A
23291,HFI-3,15700,11/06/2022,video,670,94,"100 g chicken breast , 100 g bell pepper , 1 cucumber , 1 tbsp taco sauce , 50 g corn , 50 g kidney beans , 50 g dairy spread light , 2 tbsp bbq sauce , 30 g sour cream , 10 g cheese , 1 handful of nachos",2,419.0349702,3.154471545,1.913279133,165.1761518,4.539295393,0.18699187,54.20054201,0,B
91007,HFI-3,15700,08/06/2022,video,443,58,"30 g oatmeal , 150 g protein powder , 75 ml almond milk , 150 g Greek yogurt , 2 tbsp cinnamon",1,750.5899106,3.625882353,0.661176471,90.53882353,33.46588235,2.748235294,0,-4,A
95128,HFI-4,28500,04/08/2022,video,235,22,"5 tbsp low-fat quark , 1 tbsp raw cocoa powder , 2 tsp sweetener , Handful of cherries",1,294.3629367,7.67721519,0.341772152,19.70253165,7.860759494,0.158227848,44.30379747,-4,A
10972,HFI-4,28500,03/08/2022,video,292,21,"3 tbsp low-fat quark , 3 tbsp oatmeal , 1 banana , 50 g protein powder , 1 tsp sweetener. , Half banana , 1 tbsp low-fat quark , 1 tsp sweetener.",1,507.0884335,8.78817734,0.320197044,25.41625616,13.20197044,1.746305419,60.09852217,-6,A
6834,HFI-4,28500,02/08/2022,video,443,20,"1 lemon , 50 ml coconut milk , 1 tangerine , 2 tsp sweetener",1,285.657619,4.773809524,3.615079365,4.01984127,1.138888889,0.936507937,77.77777778,1,B
44074,HFI-4,28500,30/07/2022,video,370,28,"150 grams dÃ¶ner , 1 healthier pizza base , 1 bell pepper , 1 handful grated mozzarella , 1 tbsp olive oil , pinch of pepper , pinch of salt , 2 tbsp low-fat quark , 1 tsp garlic powder , 1 tsp onion powder , 1 cucumber.",1,634.9775612,1.915704388,1.294457275,250.7725173,5.083140878,1.299076212,48.38337182,-1,A
76496,HFI-4,28500,28/07/2022,video,261,22,"1 slice of brown bread , 1 tomato , dash of olive oil , 1 clove of garlic , pinch of pepper , pinch of salt",1,303.461471,3.141935484,0.238709677,114.7741935,2.761290323,5.477419355,79.35483871,-7,A
63689,HFI-4,28500,25/07/2022,video,591,34,"Pizza Bottom , 3 tbsp tomato sauce , 1 tbsp pesto , 1 ball of mozzarella , Handful of cherry tomatoes , handful of basil",1,878.7779341,1.730769231,8.445054945,490.7857143,14.34615385,10.73351648,20.46703297,10,C
95429,HFI-4,28500,23/07/2022,video,836,45,"1 apple , 2 tsp chia seeds , 3 tbsp low-fat quark , 2 tbsp oatmeal , 1 tsp cinnamon , 1 tsp sweetener , 1 tsp honey , 2 tbsp vanilla quark , 1 tbsp honey",1,382.2064924,13.71732523,0.14893617,10.83586626,3.930091185,34.67781155,55.31914894,-4,A
98201,HFI-4,28500,14/07/2022,video,275,23,"4 tbsp oatmeal , 2 bananas , 2 eggs , 50 gr protein powder , 1 tsp sweetener , 3 tbsp low-fat cottage cheese , 2 tsp food coloring",1,519.5829246,6.890020367,0.881873727,78.89205703,12.70468432,96.69246436,24.03258656,-8,A
55405,HFI-4,28500,13/07/2022,video,389,26,"1 banana , 1 handful of chocolate chips , 1 tbsp chocolate chip cookie ice cream",1,567.7750448,14.52985075,1.223880597,40.6119403,1.455223881,335.3283582,88.05970149,-5,A
81493,HFI-4,28500,06/07/2022,video,934,35,"2 sweet peppers , 6 tomatoes , 200ml water , 2 tsp garden herbs , pinch of salt , pinch of pepper , 1 tbsp low-fat quark",1,67.42017071,2.154811715,0.030125523,8.282845188,0.89707113,182.3179916,20.25104603,-5,A
35093,HFI-4,28500,04/07/2022,video,260,18,"1 eggplant , 1 bell pepper , 1 onion , 2 cloves of garlic , 2 tsp couscous herbs , pinch of pepper , pinch of salt , 200 grams couscous , handful of arugula , Handful of apricots , handful of raisins",1,461.5772911,2.784810127,0.062236287,9.714135021,3.607594937,478.8375527,66.24472574,-8,A
16683,HFI-4,28500,03/07/2022,video,241,23,"1 wrap , 2 tbsp tomato sauce) , cup of vegan shawarma , 1 tsp garlic powder , 1 tsp paprika powder , 2 tbsp low-fat cottage cheese , 1 tsp garlic powder , juice of half a lemon",1,875.575177,1.691358025,3.728395062,662.1481481,4.790123457,4.563786008,2.028806584,8,C
2179,HFI-4,28500,30/06/2022,video,388,30,"3 tbsp oatmeal , splash of oat milk , 1 scoop white chocolate protein , 1 tsp chia seeds , 1 tbsp low-fat vanilla curd , 1 tsp sweetener , 1 tbsp light cream cheese , 1 tbsp low-fat cottage cheese , 1 tsp sweetener , handful of strawberries",1,370.0043209,4.449197861,1.037433155,67.92513369,2.390374332,0.35828877,38.5026738,1,B
24259,HFI-4,28500,24/06/2022,video,554,30,"2 potatoes , 1 eggplant , 1 zucchini , 1 tbsp olive oil , 1 tbsp Italian herbs",1,233.3179618,2.237488626,0.222020018,4.725204732,1.448589627,0.18289354,59.50864422,-1,A
53008,HFI-4,28500,20/06/2022,video,345,13,"250g truffle ravioli , handful of iceberg lettuce , 1 tomato , 3 oyster mushrooms , pinch of pepper , pinch of salt to taste",1,950.0232573,2.198938992,2.602122016,421.2387268,10.04774536,4.477453581,32.89124668,-1,A
41846,HFI-4,28500,16/06/2022,video,685,31,"1 slice of brown bread , 1/2 avocado , 20 gr feta cheese , 3 strawberries , pinch of pepper , pinch of salt",1,683.6656,2.178378378,2.702702703,219.7891892,4.378378378,65.00540541,6.486486486,-1,A
33190,HFI-4,28500,15/06/2022,video,427,22,"1 vegetable wrap , 2 tbsp low-fat quark , 1 tsp garlic powder , half a lime , half cucumber , chicken dÃ¶ner",1,835.4285778,1.416666667,3.105555556,172.6444444,15.16111111,0.25,4.444444444,1,B
25551,HFI-4,28500,13/06/2022,video,555,21,"200 grams of cauliflower rice , 1 tbsp soy sauce , 1 tbsp sesame oil , pinch of salt , half avocado , 50 gr surimi , 50 gr crayfish , 1 tsp caviar , 1 tbsp sesame seeds",1,492.5233636,1.366477273,1.482954545,338.6306818,3.292613636,3.383522727,56.81818182,-1,A
50662,HFI-4,28500,12/06/2022,video,182,15,"200 grams of oatmeal , 3 tbsp apple sauce , 2 tbsp low-fat cottage cheese , 1 tsp Sweetener , 3 tbsp cocoa powder",1,311.2328678,1.989830508,0.718644068,45.45762712,12.63050847,0.26440678,0,-5,A
8524,HFI-4,28500,10/06/2022,video,368,42,"150 grams almond flour , 1 cup of oat flour , 50g protein powder , 1 tsp sweetener , 4 tbsp peanut butter , 2 tbsp honey , 1 tsp sweetener , 1 tbsp coconut oil , handful of peanuts , 1 tbsp dark chocolate",1,2049.094827,11.06924644,6.417515275,78.04480652,2.443991853,215.7270876,5.702647658,9,C
90316,HFI-4,28500,09/06/2022,video,415,32,"1 vegetable wrap , hand or mozzarella light , 7 slices vegan pepperoni , 2 tbsp tomato sauce , 2 tsp Italian herbs",1,960.7107692,2.987179487,4.384615385,750.1282051,7.474358974,14.21794872,0,9,C
42464,HFI-4,28500,07/06/2022,video,1251,66,"1 large apple , 2 pinches of cinnamon , splash of water , 1 vegetable wrap , 2 tbsp low-fat vanilla quark , 1 tsp honey",1,348.7302671,10.20521173,0.319218241,76.95765472,2.351791531,3.377850163,72.63843648,-3,A
11308,HFI-4,28500,04/06/2022,video,416,29,"70 grams of fresh pasta , 150 grams spinach , half lemon , 20 g feta cheese , pinch of pepper , pinch of salt",1,493.5764858,0.327935223,1.210526316,163.4089069,6.125506073,0.708502024,63.56275304,-2,A
60492,HFI-4,28500,03/06/2022,video,385,21,"slice of dark bread , 2 tbsp hummus , half avocado , 1/8 cucumber , 1 egg , hand cress , pinch of pepper , pinch of salt",1,615.4646639,1.2406639,1.717842324,147.4232365,5.46473029,9.460580913,80,-7,A
17099,HFI-4,28500,01/06/2022,video,258,10,"1 slice of wholemeal bread , 2 eggs , pinch of cinnamon , 1 tsp sweetener , 2 tbsp low-fat vanilla quark , 3 Strawberries",1,519.3333763,2.451612903,1.612903226,141.5806452,10.13978495,11.38709677,6.451612903,-7,A
37416,HFI-4,28500,30/05/2022,video,1123,38,"150 grams lean ground beef , 1/2 avocado , 4 tbsp low-fat quark , 2 tsp garlic powder , 1/2 lemon , 1 tbsp olive oil",1,619.4928208,1.2,1.958441558,35.0961039,11.40519481,0.257142857,28.05194805,-3,A
76233,HFI-4,28500,28/05/2022,video,259,10,"200 g Tuna , 1 tbsp low-fat cottage cheese , 1 tsp sambal , pinch of pepper , pinch of salt to taste , slice of brown bread , handful of grated cheese",1,466.1559016,0.827868852,0.381147541,277.3196721,17.66393443,0.278688525,0,-1,A
92622,HFI-5,13200,29/07/2022,picture,224,10," 400 grams of potatoes , 500 grams of green beans ,  200 g tuna ,  handful of Olives , handful of cherry tomatoes ,  1 red onion , pinch of salt , pinch of pepper",2,234.1179018,1.996932515,0.096625767,65.59662577,4.398773006,2.170245399,5.713190184,-4,A
75190,HFI-5,13200,05/07/2022,picture,243,13,"500 grams of broccoli , 250 grams potato , 1 onion , 1 cube of vegetable stock , 750ml water , pinch of pepper , handful of oregano",2,106.2767146,0.94044665,0.043424318,14.03101737,1.269230769,0.109181141,31.01736973,0,B
78450,HFI-5,13200,03/07/2022,picture,371,27," 200 grams of MonChou ,  250 ml whipped cream ,  100 grams of white caster sugar ,  2 sachets of vanilla sugar ,  1 pack of bastogne biscuit ,  100 grams of butter",1,1964.746219,36.94178082,20.83561644,309.3938356,1.558219178,2.595890411,0,24,E
57996,HFI-5,13200,01/07/2022,picture,244,16,"150 grams of whole cottage cheese , 1 apricot , 1/2 banana , 4 strawberries , 1 tsp linseed , 1 tsp chia seeds , handful of pumpkin seeds , handful of oat flakes",1,365.6647517,5.637583893,0.969798658,159.2718121,6.436241611,5.929530201,55.36912752,-7,A
89544,HFI-5,13200,26/06/2022,picture,360,12," handful of cherry tomatoes , splash of balsamic vinegar , dash of Olive oil , 1 red onion , pinch or Pepper , pinch of salt , handful of basil",2,166.211451,4.37254902,0.098039216,27.03921569,1.009803922,170.6764706,36.51960784,-5,A
88030,HFI-5,13200,15/06/2022,picture,349,11,"160 grams penne , 1 onion , 2 cloves of garlic , Can of tomato puree , 200 ml tomato passata , 20 grams of butter , 1 shot of vodka , 3 tablespoons sour cream , 40 grams of parmesan cheese , 0.5 teaspoon chili flakes , handful of fresh basil , pinch of salt , pinch of pepper",2,875.4485547,2.562043796,3.839416058,156.5948905,2.682481752,126.0474453,22.98540146,0,B
26004,HFI-5,13200,13/06/2022,picture,879,35,"200 grams of risotto rice , 1 onion , 1 garlic clove , 100 ml dry white wine , slice of butter , 400 grams of tomato cubes , 750 ml vegetable stock , 50 grams Parmesan cheese , pinch of pepper , handful of fresh basil",2,301.2843375,1.421836228,0.568238213,236.9342432,0.64764268,337.6414392,24.81389578,-3,A
68920,HFI-5,13200,08/06/2022,picture,340,13,"1 apple , 150 grams of quark , 20 grams of oat flakes , 5 grams of linseed",1,331.5582273,7.125,0.119318182,17.5625,6.553977273,0.286931818,51.70454545,-4,A
22438,HFI-5,13200,05/06/2022,picture,962,34,"1 eggplant , 2 bell peppers , 4 tomatoes , 200 ml coconut milk , 2 tablespoons curry paste , 1 onion , 2 cloves of garlic , 90 grams of rice",1,273.9030341,2.852631579,2.33498452,4.865634675,1.454489164,1.790712074,43.34365325,0,B
24576,HFI-5,13200,31/05/2022,picture,1457,64," 400 gram gnocchi ,  200 gram sour cream ,  150 gram spekjes ,  250 gram champignons ,  1 prei ,  1 el Pesto ,  snufje Peper",2,541.5922817,1.384976526,2.575117371,168.9976526,3.330985915,1.082159624,0,1,B
27173,HFI-5,13200,23/05/2022,picture,1238,38,"180 grams of risotto rice , 250 grams of salmon , 1 zucchini , 1 onion , 2 cloves of garlic , 1 lemon , 1 stock cube , 700ml water , handful of parmesan cheese , pinch of pepper",2,303.3023548,0.83033419,0.205655527,73.65681234,4.33933162,35.96786632,19.53727506,-7,A
32938,HFI-5,13200,16/05/2022,picture,492,31,"4 bananas , 3 eggs , 1 teaspoon baking powder , pinch of salt , 130 grams of oat flakes , 1 Apple , cup of unsalted cashew , 45 grams of raisins , 2 tbsp cinnamon",1,782.8603243,7.654054054,1.47027027,61.83603604,5.568468468,49.81981982,42.7027027,-5,A
39451,HFI-5,13200,14/05/2022,picture,1038,26," 1 eggplant , 1/2 bell pepper ,  2 tomatoes ,  1 clove of garlic ,  1/2 onion ,  handful of Parmesan cheese ,  handful of Oregano, , pinch of pepper , pinch of salt",1,105.3819612,3.343446602,0.057038835,9.902912621,1.031553398,2.35315534,84.95145631,-7,A
19681,HFI-5,13200,10/05/2022,picture,230,11,"130 grams of self-raising flour , 1 large egg , 150 ml milk , 150 grams of ham cubes , 50 grams of grated cheese , 1 leek , pinch or paprika powder",1,704.8399872,2.3008,2.304,389.2128,10.6752,102.6816,14.4,-2,A
58215,HFI-5,13200,05/05/2022,picture,414,9,"180 grams macaroni , 400 grams of tomato cubes , 300 grams of lean ground beef , 1 onion , 1 clove of garlic , 2 tomatoes , 2 bell peppers , pinch of salt , handful of grated cheese",2,370.705797,2.468200271,0.529093369,20.35317997,6.588633288,0.194857916,43.43707713,-4,A
97478,HFI-5,13200,28/04/2022,picture,461,17," 150 grams of quark ,  1 banana ,  150 grams of blueberries ,  handful of oat flakes , handful of granola , a handful of seeds , handful of chia seeds ,   handful of coconut",1,522.3762981,9.942028986,0.430641822,17.2194617,6.31884058,5.161490683,55.48654244,-6,A
16389,HFI-5,13200,22/04/2022,picture,809,10,"80 grams of risotto rice , 1/2 onion , 1 garlic clove , 1 tbsp olive oil , 1/2 cube vegetable stock , 200 grams of peas , 50 g smoked trout , pinch of pepper",1,690.8375782,3.401985112,0.709677419,13.10421836,6.843672457,0.260545906,49.62779156,-3,A
85020,HFI-6,12700,29/07/2022,picture,190,70," 500 grams of gnocchi ,  1 zucchini ,  2 red onions ,  250 grams of cherry tomatoes ,  splash of Olive oil ,  pinch of Pepper ,  pinch of salt",3,390.485374,1.735368957,0.353689567,151.4885496,2.27480916,0.076335878,37.82866836,1,B
45838,HFI-6,12700,26/07/2022,video,270,103," 45 grams of oatmeal ,  5 grams of chia seeds ,  Half teaspoon cinnamon ,  60 grams of low-fat cottage cheese ,  10 grams maple syrup ,  120 ml almond milk ,  1 peach",1,222.4545764,5.137844612,0.182957393,108.1804511,2.877192982,3.458646617,37.59398496,-2,A
70821,HFI-6,12700,22/07/2022,video,208,85,"35 grams grated coconut , 15 grams of crushed linseed , 2 tablespoons water , 200 grams of whole wheat flour , 25 grams of sugar , 2 teaspoons baking powder , half teaspoon baking soda , 1 teaspoon cinnamon , 225 ml pineapple juice , 30 grams of coconut oil , dash of vanilla aroma , 180 grams pineapple",1,835.4242057,9.273342355,6.181326116,266.2516915,4.152909337,4.215155616,24.35723951,8,C
54075,HFI-6,12700,20/07/2022,picture,212,71,"200 grams of pasta , 200 grams of lettuce , 1 bell pepper , 250 grams cherry tomatoes , 1 avocado , 1 apple , 200 grams of salmon",4,478.4985799,3.014792899,0.517751479,12.43786982,5.591715976,0.213017751,55.54733728,-3,A
28550,HFI-6,12700,18/07/2022,video,289,142," 130 grams of oat flour ,  1 teaspoon baking powder ,  1/2 teaspoon baking soda ,  140 grams of low-fat quark ,  100 ml almond milk ,  1 egg ,  10 grams of agave syrup ,  15 grams of poppy seeds ,  Lemon juice from 1 lemon ,  Lemon zest from half a lemon",2,715.0820581,3.124481328,0.892116183,260.659751,9.746887967,0.219917012,0,-1,A
9166,HFI-6,12700,13/07/2022,video,313,104," 2 slices of bread ,  60 grams of burrata ,  Half peach ,  handful of pistachios ,  2 tsp Agave syrup",1,617.6834733,8.985765125,3.15658363,101.4021352,6.323843416,1.583629893,53.7366548,1,B
8099,HFI-6,12700,10/07/2022,video,211,72,"200 grams romaine lettuce , 1 small sweet potato , 250 grams cherry tomatoes , 120 grams black beans , 80 grams of white cheese , 1 avocado , handful of sunflower seeds , dash of olive oil , dash of paprika powder",2,430.3652195,1.595528455,2.046747967,66.42479675,4.103658537,3.441056911,59.04471545,-3,A
59721,HFI-6,12700,06/07/2022,picture,394,102," 2 speculoos biscuits ,  200 grams low-fat quark ,  10 grams of protein powder ,  50 grams of light cream cheese ,  45 grams of cherries",1,537.6761846,6.726153846,2.015384615,106.1846154,12.61846154,0.464615385,13.84615385,0,B
13094,HFI-6,12700,04/07/2022,video,259,85," 1 banana ,  100 grams of low-fat quark ,  200 ml coconut drink ,  Splash of vanilla aroma ,  40 grams of chia seeds",2,396.8978783,5.339130435,1.060869565,10.3826087,0.147826087,3.834782609,25.65217391,-1,A
79016,HFI-6,12700,03/07/2022,picture,211,56,"15 grams of broken linseed , 50ml water , 2.5 banana , 120 ml almond milk , 40 grams of coconut blossom sugar , 40 grams of coconut oil , 1 teaspoon lemon juice , 200 grams of oat flour , 50 grams almond flour , 45 grams of oatmeal , 2 teaspoons baking powder , 1 teaspoon biscuit and gingerbread spices , 0.5 teaspoon baking soda , 50 grams of walnuts",1,1009.621173,7.358862144,4.554704595,184.4398249,5.760393873,50.81838074,18.38074398,2,B
15790,HFI-6,12700,01/07/2022,picture,363,107," 8 rice sheets ,  handful of lettuce ,  Half cucumber ,  1 carrot ,  150 grams of red cabbage ,  1 bell pepper ,  50 grams of noodles ,  handful of Coriander ,  2 tablespoons peanut butter ,  2 tablespoons soy sauce , 1 teaspoon lime juice ,  1 teaspoon sambal",1,476.832651,4.08993576,0.751605996,479.882227,4.730192719,18.00428266,71.09207709,-3,A
40252,HFI-6,12700,28/06/2022,video,222,119," 15 grams of oat flour ,  15 grams of protein powder ,  1 egg ,  60 grams of low-fat cottage cheese ,  1 teaspoon instant coffee ,  1/2 teaspoon baking powder",1,706.4241168,2.131386861,1.649635036,396.9343066,22.91970803,0.459854015,0,2,B
93649,HFI-6,12700,23/06/2022,video,343,95," 50 grams of quinoa ,  50 grams of tofu ,  55 grams sweet potato ,  Half avocado ,  20 grams of carrot ,  20 grams of red cabbage ,  30 grams of soybeans ,  15 grams of roasted chickpeas ,  15 grams of tahini ,  1 tbsp soy sauce ,  1 tbsp olive oil",1,808.214739,1.744186047,1.609819121,295.6356589,6.633074935,63.66666667,24.54780362,-3,A
58279,HFI-6,12700,21/06/2022,picture,299,87," 45 grams of oatmeal ,  15 grams protein powder ,  5 grams of linseed ,  200 ml almond milk ,  10 grams of cocoa powder",1,214.917637,0.537366548,0.427046263,107.1672598,8.185053381,0.145907473,0,-4,A
41931,HFI-6,12700,19/06/2022,video,283,71," 2 eggs ,  125 grams of applesauce ,  250 grams low-fat quark ,  30 grams of coconut oil ,  10 grams of agave syrup ,  Juice of a whole lemon ,  225 grams of whole wheat flour ,  1 teaspoon baking powder ,  1 teaspoon baking soda ,  125 grams of raspberries ,  30 grams of white chocolate",1,746.0149229,5.865363735,3.755700326,193.1932682,8.512486428,126.2681868,13.57220413,-2,A
33402,HFI-6,12700,14/06/2022,video,265,125," 250 grams of whole-wheat couscous ,  1 stock cube , 1 mango ,  100 grams of pomegranate ,  1 red onion ,  200 grams of feta ,  20 grams of almonds ,  handful of Parsley",1,853.7650682,5.874860335,3.106145251,363.3418994,8.167597765,133.3284916,36.53631285,0,B
75129,HFI-6,12700,12/06/2022,video,175,67," 50 grams of oatmeal ,  50 grams of oat flour ,  20 grams of margarine ,  20 grams of honey ,  160 grams mango ,  10 grams grated coconut",2,815.340129,12.78064516,3.277419355,66.51612903,3.496774194,2.690322581,51.61290323,2,B
4842,HFI-6,12700,10/06/2022,picture,273,107," 500 grams of gnocchi ,  1 butternut squash ,  1 sweet potato ,  1 onion ,  1 vegetable stock cube ,  2 cloves of garlic ,  250 ml cooking cream light ,  250 grams of cherry tomatoes ,  pinch of Oregano ,  handful of Basil ,  handful of pine nuts",2,461.4194895,2.121904762,2.863809524,125.2495238,2.01047619,1.774285714,58.42857143,1,B
86396,HFI-6,12700,08/06/2022,video,321,95," 2 slices of bread ,  65 grams of burrata ,  Half red onion ,  35 grams of sun-dried tomatoes ,  pinch of dill ,  1 tsp lemon juice",1,1047.719804,10.14723926,5.914110429,185.9079755,13.52147239,3.877300613,21.47239264,8,C
14635,HFI-6,12700,05/06/2022,video,478,161," 3 bananas ,  3 eggs ,  150 grams of oat flour ,  100 grams of almond flour ,  8 grams baking powder ,  10 grams of agave syrup ,  50 grams Oreo",1,1010.644159,9.394278607,1.649253731,156.9502488,8.245024876,154.119403,14.67661692,-3,A
32002,HFI-6,12700,02/06/2022,video,185,84," 300 grams of pasta ,  200 grams of chickpeas ,  250 grams of cherry tomatoes ,  60 grams of black olives ,  1 red onion ,  2 point peppers ,  125 grams of mozzarella light ,  20 ml olive oil ,  20 grams mayonnaise ,  Juice of 1 Lemon ,  2 tablespoons of water",4,710.5523478,2.657971014,1.747826087,139.1275362,6.6,108.9855072,26.73913043,-5,A
56126,HFI-6,12700,31/05/2022,video,351,120," 45 grams of oat flour ,  10 grams of protein powder ,  30 grams low-fat quark ,  1 teaspoon baking powder ,  80 ml almond milk ,  8 grams of caramelized biscuit ,  1 speculoos biscuit , handful of chocolate drops",1,775.7534476,1.976190476,0.852380952,428.3761905,10.28571429,10.42857143,0,-4,A
83671,HFI-6,12700,29/05/2022,video,325,86," 250 grams of oat flakes ,  40 grams of pecan nuts ,  40 grams of walnuts ,  20 grams of pumpkin seeds ,  1 teaspoon cinnamon ,  1 banana ,  30 ml maple syrup ,  30 grams of coconut oil",1,1589.223956,7.73012939,6.338262477,1.340110906,8.255083179,0.273567468,36.59889094,11,D
95740,HFI-6,12700,27/05/2022,video,313,95," 12 grams of linseed ,  3 teaspoons of water ,  200 grams of applesauce ,  50 grams of almond paste ,  Splash of vanilla aroma ,  10 grams of coconut blossom sugar ,  1 teaspoon cinnamon ,  90 grams of oat flour ,  75 grams of almond flour ,  1 teaspoon baking powder ,  1 teaspoon baking soda ,  50 grams of pecan nuts ,  50 grams of dark chocolate",1,1357.248595,11.05263158,3.764065336,285.7785844,0.061705989,5.393829401,9.074410163,7,C
13771,HFI-6,12700,24/05/2022,video,378,129," 90 grams of oatmeal ,  16 gr chia seeds ,  30 grams of protein powder ,  40 grams low-fat quark ,  240 ml almond milk ,  80 grams of strawberries",1,288.7452235,1.578431373,0.266666667,77.97058824,7.290196078,1.841176471,15.68627451,-5,A
34977,HFI-6,12700,20/05/2022,picture,373,110," 130 grams of buckwheat flour ,  1 teaspoon baking powder ,  1/2 teaspoon baking soda ,  140 grams low-fat quark ,  100 ml almond milk ,  1 egg ,  18 grams maple syrup ,  Splash of vanilla aroma ,  100 grams of strawberries",2,539.3988278,4.637362637,0.443223443,227.8644689,0.124542125,10.76923077,18.31501832,-1,A
39184,HFI-6,12700,17/05/2022,video,402,125," 125 grams of blueberries ,  20 grams of chia seeds ,  100 ml soy milk ,  Splash of vanilla aroma ,  50 grams of low-fat cottage cheese",1,356.5163784,5.560810811,0.415540541,86.96621622,0.114864865,102.6891892,42.22972973,-4,A
50609,HFI-6,12700,13/05/2022,picture,357,80," 135 grams of vegetarian tuna ,  100 grams of low-fat cottage cheese ,  8 grams of mustard ,  8 grams of mayonnaise light ,  Juice of half a lemon ,  Half red onion ,  45 grams of pickle",2,276.7751061,1.480446927,0.363128492,340.8044693,10.8547486,95.3575419,0,-7,A
30609,HFI-6,12700,06/05/2022,video,239,95,"300 grams orzo , 2 courgettes , 250 grams tomatoes , 250 grams of feta , handful of basil , 20 ml olive oil , juice of 1 lemon , 2 cloves of garlic , zest of 1 lemon , pinch of salt , pinch of pepper",4,688.7743439,2.025477707,2.949044586,235.0923567,6.544585987,0.21656051,35.50955414,2,B
95090,HFI-7,11300,03/08/2022,picture,157,28," 200 g arugula ,  200 g mango ,  240 g chickpeas ,  3 spring onions ,  1 avocado ,  150 g light feta ,  pinch of salt ,  handful Fresh coriander ,  50 g cashew nuts",4,608.8649778,4.459259259,2.696296296,171.2259259,5.855555556,789.8222222,41.66666667,-5,A
77150,HFI-7,11300,22/07/2022,picture,157,25," 1 onion ,  2 cloves of garlic ,  2 bell peppers ,  2 spring onions ,  340 g vegetarian balls ,  350 g red lentil orzo @koro_nl ,  2 cans of diced tomatoes ,  1 tbsp olive oil ,  pinch of salt",4,566.6595126,2.321428571,1.575630252,75.87605042,5.978991597,0.233193277,49.42226891,-2,A
11878,HFI-7,11300,20/07/2022,video,212,38," 100 g quinoa ,  1 zucchini ,  1 tbsp olive oil ,  300 g oyster mushrooms ,  2 tomatoes ,  50 g iceberg lettuce ,  1 tbsp shawarma spices ,  Chili flakes ,  1 spring onion ,  1 clove of garlic ,  100 g greek yogurt ,  1 tsp lemon juice",2,313.4769112,1.942084942,0.351351351,19.23359073,3.920849421,40.02702703,35.61776062,-7,A
48015,HFI-7,11300,16/07/2022,picture,133,24," 1 eggplant ,  2 tbsp olive oil ,  pinch of salt ,  handful of pomegranate seeds ,  handful of fresh mint ,  100 ml Greek yogurt ,  1 tsp tahini ,  1 tbsp lemon juice ,  1/2 tsp garlic powder ,  1/2 tsp pepper",1,320.278903,3.259197324,0.755852843,13.91471572,2.449832776,211.3043478,76.58862876,-8,A
94810,HFI-7,11300,14/07/2022,picture,128,17," 40 g oatmeal ,  5 g crushed flaxseed ,  160 g yogurt ,  15 g ginger juice ,  100 mango",1,251.493,13.59244742,0.108508604,1.360898662,0.847131931,1.592973231,0.989483748,2,B
60262,HFI-7,11300,11/07/2022,picture,87,11," 2 cloves of garlic ,  2 onion ,  1 cauliflower ,  2 carrots ,  280 g lentils ,  2 tbsp yellow curry paste ,  1 vegetable stock cube ,  400 g diced tomatoes ,  400 ml coconut milk",1,445.9493294,2.217434373,3.696879643,51.18920258,4.90837048,5.456661714,51.31253096,-5,A
77862,HFI-7,11300,03/07/2022,picture,176,40," 1 banana ,  1 egg ,  100 g of low-fat quark ,  1 tsp cinnamon ,  20 g oatmeal",1,383.9884351,6.585964912,0.589473684,36.74385965,7.38245614,1.680701754,41.40350877,-4,A
30115,HFI-7,11300,01/07/2022,video,169,34," 25 g oatmeal ,  5 g broken linseed ,  1 banana ,  1 tsp cocoa powder ,  100 g low-fat quark ,  dash of sweetener ,  20 g dark chocolate ,  5 g peanuts",1,536.4042963,8.659259259,2.1,17.58888889,6.777777778,2.414814815,45.55555556,-3,A
52716,HFI-7,11300,14/06/2022,picture,191,16," 2 chicory stalks ,  1 tangerine ,  1 banana ,  100 g grapes ,  50 g low-fat quark ,  5 g mayonnaise ,  Splash of lemon juice ,  1 tsp curry",1,148.6203944,3.442097027,0.10485133,20.02190923,1.65258216,0.335680751,59.15492958,-2,A
41472,HFI-7,11300,08/06/2022,video,151,19,"30 g oatmeal , 30 g protein powder , 1 tsp cinnamon , 2 nectarines , 250 ml unsweetened almond milk , 10 g pumpkin seeds , 3 walnuts",1,260.6558596,4.004784689,0.293460925,68.20095694,5.44338118,1.267942584,22.96650718,-4,A
74502,HFI-7,11300,31/05/2022,picture,196,31," 1 white onion ,  2 cloves of garlic ,  1 red pepper ,  2 tomatoes ,  240 g chickpeas ,  500 g sweet potato ,  1 can of baby corn ,  45 g tomato puree ,  1 tbsp Yellow curry paste ,  1/2 cube vegetable stock ,  600ml water ,  400 ml coconut milk",4,334.1720952,2.647321429,2.772321429,15.36755952,2.129464286,1.944940476,27.60416667,-1,A
24289,HFI-7,11300,29/05/2022,picture,553,48," 240 g black beans ,  1 egg ,  2 proteins ,  30 g cocoa powder ,  1 tsp vanilla aroma ,  Dash of sweetener ,  50 g peanut butter",1,860.293897,1.753387534,2.487804878,77.52303523,0.390243902,9.317073171,0,-1,A
37772,HFI-7,11300,26/05/2022,picture,142,18," 2 garlic cloves ,  450 g potatoes ,  2 aubergines ,  2 zucchini ,  2 red onions ,  1 red bell pepper ,  1 green pepper ,  400 g diced tomatoes ,  2 tbsp green pesto ,  1 tsp oregano ,  2 tbsp olive oil , pinch of salt ,  1 tbsp balsamic vinegar",4,193.3951573,2.848664688,0.256676558,16.26706231,1.222551929,0.148367953,47.92284866,-1,A
88982,HFI-7,11300,24/05/2022,video,223,49," 1 roll of dough ,  100 g apple sauce ,  10 g sugar ,  750 g rhubarb ,  10 g sliced almonds",1,457.1590545,2.125757576,0.059848485,162.7727273,2.686363636,4.621212121,57.57575758,-4,A
75513,HFI-7,11300,21/05/2022,video,166,33," 100 g beets ,  200 g dates ,  25 g linseed ,  100 g wheat flour ,  15 g grated coconut ,  dash of sweetener",1,1076.173077,32.43509615,2.122596154,21.52644231,4.295673077,10.42788462,72.11538462,5,C
90597,HFI-7,11300,16/05/2022,picture,427,41,"300 g beets , 150 g smoked mackerel fillet , 50 g lamb's lettuce , 1 apple , 15 g pumpkin seeds , 100 g low-fat quark , pinch of salt , splash of Lemon juice",1,325.2853892,5.406403941,0.604679803,55.02216749,6.724137931,43.61576355,65.51724138,-10,A
94564,HFI-7,11300,13/05/2022,video,189,40," 240 g chickpeas ,  2 tbsp tahini ,  10 g lemon juice ,  190 g beetroot ,  2 cloves of garlic ,  2 tbsp olive oil ,  1/2 tsp cumin powder ,  pinch of salt",1,758.3479287,4.891089109,1.348514851,43.09306931,5.968316832,0.297029703,37.62376238,1,B
79799,HFI-7,11300,10/05/2022,video,192,47," 100 g green asparagus ,  85 g lamb's lettuce ,  500 g snack tomatoes ,  200 g smoked salmon ,  40 g pine nuts ,  100 g low-fat yogurt ,  Splash of lemon juice",1,280.5492692,2.296153846,0.480769231,160.5144231,5.35,10.91346154,69.71153846,-9,A
88321,HFI-7,11300,08/05/2022,picture,712,42," 1 banana ,  1 apple ,  30 g oatmeal ,  1 egg ,  2 tsp cinnamon ,  5 g pecan nuts",1,360.9462708,8.822916667,0.515625,17.5,2.2734375,4.338541667,79.42708333,-5,A
82175,HFI-7,11300,26/04/2022,picture,271,49," 125 g blueberries ,  110 g raspberries ,  400 g low-fat quark ,  30 g muesli",1,328.7113985,6.467669173,0.105263158,34.83458647,8.956390977,5.04962406,35.33834586,-9,A
48225,HFI-7,11300,25/04/2022,video,276,49,"1 banana , 25 g oatmeal , 1 egg , 5 g cocoa powder , 5 g dark chocolate , 5 g agave syrup , 5 g baking powder , 100 g low-fat quark , 15 g whey vanilla , handful of blueberries",1,425.8721814,8.256926952,0.841309824,160.9596977,1.299748111,86.35768262,48.61460957,-3,A
99172,HFI-7,11300,24/04/2022,picture,272,43,"100 g red grapes , 10 g oatmeal , 15 g agave syrup , 200 g cottage cheese",1,410.1607385,9.56,1.086153846,194.7692308,7.135384615,54.47692308,30.76923077,-3,A
78835,HFI-7,11300,20/04/2022,picture,298,53," 1 Turkish bread ,  70 g tomato puree ,  1 red onion ,  2 cloves of garlic ,  1 eggplant ,  200 g spinach ,  pinch of salt ,  70 g feta",1,223.0844841,2.836518047,1.04670913,123.2887473,2.748407643,59.84501062,69.85138004,-6,A
33620,HFI-7,11300,14/04/2022,picture,280,43," 3 ripe bananas ,  80 g peanut butter ,  2 eggs ,  1 tsp vanilla extract ,  80 g oat flour ,  40 g almond flour ,  15 g cocoa powder ,  1 tsp baking powder ,  Pinch of salt",1,952.6641321,8.220720721,2.271771772,152.6711712,0.216216216,4.21021021,17.71771772,2,B
96849,HFI-7,11300,07/04/2022,picture,218,47," 1 banana ,  1 egg ,  1 egg white ,  1 tbsp Greek yogurt ,  25 g oatmeal",1,379.5176552,6.607758621,0.689655172,51.6637931,5.293103448,0.206896552,50.86206897,-2,A
69688,HFI-7,11300,02/04/2022,picture,201,40," 1 banana ,  2 g soy crisps ,  2 g dark chocolate drops ,  5 g hazelnuts ,  10 g hazelnut paste",1,698.941781,11.33576642,1.167883212,1.153284672,2.693430657,3.459854015,97.08029197,-4,A
7274,HFI-7,11300,29/03/2022,video,209,29," 1 zucchini ,  1 egg ,  30 g wholemeal wheat flour ,  1 tbsp oregano ,  Handful of spinach ,  100 g tomatoes ,  1/4 red onion ,  15 g black olives ,  40 g grated cheese",1,376.8515082,1.942622951,1.989754098,124.0594262,4.709016393,0.254098361,66.80327869,-1,A
90954,HFI-8,10400,08/08/2022,picture,325,67,"2 slices of brown bread , 1 avocado , 4 slices of zucchini , 5 sundried tomatoes ,  handful of pomegranate seeds , 1/8 cucumber , 1 shallot , 1 tbsp olive oil , 1 tbsp green pesto , 20 g feta cheese ,  handful of arugula ,  pinch of salt",1,732.9417091,2.911363636,2.347727273,161.2090909,3.827272727,60.62272727,82.27272727,-7,A
18608,HFI-8,10400,06/08/2022,picture,547,85,"100 grams of oatmeal , 20 grams of chia seeds , 150 grams coconut yogurt , 200 ML milk , 50 grams of milk chocolate , 40 grams coconut milk",1,531.9657143,7.610714286,4.544642857,29.53571429,5.892857143,103.9107143,0,-2,A
41356,HFI-8,10400,04/08/2022,picture,747,101,"2 salmon fillets , teaspoon chopped garlic , 2 tablespoons soy sauce , 2 tablespoons teriyaki marinade , 1 tablespoon sesame seeds , 150 grams sushi rice , 3 tablespoons rice vinegar , 1 tablespoon sugar , half a tablespoon of salt , 1/2 cucumber , handful of cherry tomatoes , 1/2 avocado , handful of edamame beans , 2 tbsp wasabi mayonnaise",1,593.5864914,2.259858443,0.630940344,1066.643074,9.048533873,3.488372093,37.86653185,8,C
84695,HFI-8,10400,02/08/2022,picture,178,65,"200 grams of flour , 30 grams almond flour , 80 grams of powdered sugar , pinch of salt , 120 grams unsalted butter , 1 egg , 125 ml whipped cream , 18 g vanilla sugar , 250 grams mascarpone , 1 tbsp maple syrup , handful blueberries",1,1687.341238,13.81127733,15.97008055,30.24165708,6.058688147,0.241657077,8.630609896,18,D
19883,HFI-8,10400,31/07/2022,picture,310,67,"1 cucumber , 1 avocado , 100 g smoked salmon , 100 g sushi rice",1,504.1093295,0.780313837,0.764621969,115.7018545,4.405135521,6.932952924,42.79600571,-6,A
75643,HFI-8,10400,29/07/2022,picture,171,59,"4 limes , 2 eggs , 175 grams of sugar , half a tablespoon of cornstarch , 115 grams of unsalted butter",1,1109.98833,27.45718654,9.463302752,22.23853211,2.134556575,0.081039755,10.24464832,18,D
71298,HFI-8,10400,27/07/2022,picture,213,67,"4 slices of white bread , 3 tbsp cream cheese , 2 slices of Parma ham , 1 coeur de boeuf , 1 ball of mozzarella ,  10 g butter ,  pinch of salt",1,1255.228789,2.135321101,10.96788991,641.8325688,17.05733945,1.288990826,0,19,E
73149,HFI-8,10400,29/06/2022,picture,201,103,"500 grams of chicken breast , 50 g bag of chicken spices , 1 tablespoon olive oil , 1 mango , half a red onion , 10 cherry tomatoes , 1 avocado , 125 g sour cream , half a lemon , 4 handfuls of lettuce , pinch of salt",4,513.0405399,3.297546012,1.929447853,55.19631902,9.187116564,0.377300613,19.63190184,-3,A
80067,HFI-8,10400,13/06/2022,picture,228,89,"350 grams of flour , 2 teaspoons baking powder , 250 grams of unsalted butter , 175 grams of granulated sugar , 1 egg ,  8g vanilla sugar ,  300 g strawberry jam , 2 tbsp powdered sugar",1,1721.019878,29.97741095,11.32667246,90.62814944,3.90356212,0.198088619,0,22,E
94360,HFI-8,10400,11/06/2022,picture,183,70," 100 grams of quinoa ,  200ml water ,  half stock cube ,  handful of lettuce ,  handful of pecans , 16 strawberries ,  6 tbsp sour cream , 2 tbsp balsamic vinegar",2,425.80568,2.83,1.35,87.78333333,2.96,39.26,2.333333333,-4,A
73121,HFI-8,10400,09/06/2022,picture,330,60,"200 gr smoked salmon , 2 spring onions , 1 tablespoon mayo , 75 grams of herb cheese , 1 tablespoon lemon juice , pinch of salt",1,829.8096585,1.097560976,7.375,660.1097561,12.91158537,22.16463415,0,11,D
46324,HFI-8,10400,07/06/2022,picture,539,74,"250 grams of pasta , 1 apple , 4 spring onions , half a red onion , 1/3 cucumber , 150 grams of chicken breast , 15 cherry tomatoes , 1 tablespoon Dijon mustard , 2 tablespoons honey , 3 tablespoons sunflower oil , 1 tablespoon mayonnaise",2,711.4777891,6.301818182,0.68,44.02,6.338181818,1.852727273,45.36363636,-2,A
78392,HFI-8,10400,05/06/2022,picture,286,74,"50 grams of oatmeal , 100 ml oat milk , 2 tablespoons Greek yogurt , Handful of raspberries , 1 tbsp raspberry jam ,  handful of coconut flakes",1,353.5272871,9.326732673,0.376237624,33.41089109,3.054455446,0.163366337,0.495049505,2,B
56179,HFI-8,10400,02/06/2022,picture,202,70,"100 grams of rice noodles , pinch of salt , 200 grams wok strips , 2 cloves of garlic , half a lime , half red pepper , 3 tablespoons teriyaki sauce , 2 tablespoons soy sauce , half cucumber , 2 tomatoes , half red onion , half mango , handful of cashew nuts , handful of sesame seeds",1,836.303219,2.634564644,3.861477573,744.6094987,5.893139842,111.4300792,21.38522427,8,C
19191,HFI-8,10400,31/05/2022,picture,295,85,"200 g nachos , 3 tbsp mayonnaise , 1 pickle , half onion , 2 hamburger patties",1,835.0269354,0.878552972,4.968992248,247.4237726,8.88372093,8.96124031,0,-2,A
9755,HFI-8,10400,26/05/2022,picture,335,87,"500 grams of rhubarb , 2 grams agar , 120 grams of butter , 60 grams of sugar , 270 grams of flour , 8 grams vanilla sugar , 1 egg , 6 strawberries , handful of almond shavings , 1 tbsp sugar",1,943.8250733,8.156529517,5.80411449,77.22182469,4.107334526,14.12432916,48.47942755,0,B
25196,HFI-8,10400,17/05/2022,picture,289,102,"250 grams of unsalted butter , 200 grams of dark chocolate , 200 grams of milk chocolate , 5 eggs , 200 gr dark brown sugar , 200 grams of flour , 100 grams of white chocolate , 10 oreo cookies",1,1937.809772,30.4885906,16.8409396,68.95973154,20,0.383892617,0,21,E
53103,HFI-8,10400,13/05/2022,picture,530,93,"1 cucumber , 200 g cottage cheese , 200 grams smoked salmon , pinch of salt",1,278.5348571,1.354285714,0.762857143,320.3942857,8.647142857,101.2857143,42.85714286,-8,A
56803,HFI-8,10400,11/05/2022,picture,315,76,"1 zucchini , 1 yellow bell pepper , 250 grams of pasta , 1 can diced tomatoes with garlic , 1 cube of vegetable stock , pinch of salt , 1 jar boursin cuisine garlic and fine herbs , 200 g cream cheese",1,648.111545,3.15704584,3.519524618,105.8047538,4.688455008,78.23599321,61.62988115,-4,A
83150,HFI-8,10400,09/05/2022,picture,419,82,"80 ml milk , 42 grams yeast , 400 flower , 50 grams of sugar , 18 grams vanilla sugar , 200 gr butter , 2 eggs , 200 gr sugar",1,1154.040866,25.15078631,9.945420907,135.653099,3.594819611,3.154486586,0,15,D
15399,HFI-9,45500,05/08/2022,video,316,25,"80 grams self-rising baking flour , 1 tbsp Greek yoghurt , handful of oregano , pinch of salt , 100 grams Mozzarella , 1 courgette , 1 white onion , 100 grams Prosciutto , handful of grated cheese , 500 g tomatoes",1,451.0223028,2.223934723,2.46781505,125.7144152,4.915684497,0.16137806,63.10063463,-1,A
35010,HFI-9,45500,01/08/2022,picture,822,82,"2 courgettes , 1 ball of burrata , HANDLE of cashew nuts , Pinch of pepper , Pinch of salt",1,232.7312908,2.735224586,0.6643026,17.43262411,2.456264775,37.43026005,53.42789598,-7,A
99099,HFI-9,45500,27/05/2022,video,875,82,"2 white onions , 5 cloves of garlic , 15 gr fresh basil , 100 gr bacon bits , 800 gr diced tomatoes , 600 gr fresh gnocchi , 1 ball of mozzarella , 20 gr grated parmesan cheese , Pinch of pepper , Pinch of salt",4,517.3905892,1.649298597,1.981963928,283.6553106,6.138276553,1.903807615,40.08016032,-1,A
95330,HFI-9,45500,15/06/2022,video,806,49," 200 grams sushi rice ,  300 grams chicken breast ,  1/2 Cucumber ,  1 Avocado ,  1 Carrot ,  1 egg ,  4 tsp panco ,  4 tsp chicken cajun spices ,  dash of Olive Oil ,  2.5 tbsp rice vinegar ,  1.5 tsp sugar ,  1 tsp salt",2,648.8831085,1.309664694,0.808678501,277.4635108,8.749506903,0.355029586,35.60157791,-1,A
26623,HFI-9,45500,30/05/2022,video,386,22," 80 gr couscous ,  350 gr chicken fillet ,  1/2 bag of gyros seasoning ,  1 carrot ,  1 cucumber ,  100g lettuce ,  20 g Feta Cheese",1,380.3861579,0.989035088,0.528508772,76.77850877,9.938596491,0.337719298,50.54824561,-5,A
90551,HFI-9,45500,26/05/2022,video,684,65,"250 g pasta, 2 white onions , 350g chestnut mushrooms, 250ml cooking cream , 3 tsp truffle paste , 200 g chicken",2,772.4595346,2.569983137,5.311973019,71.77908938,5.993254637,0.227655987,0,4,C
95456,HFI-9,45500,16/06/2022,video,438,39,"1 wholemeal wrap , 2 tsp spicy taco salsa , 50 grams chicken , handful of iceberg lettuce , 1 slice cheddar cheese",1,1100.902244,1.902439024,6.317073171,504.3292683,13.46341463,3.756097561,1.219512195,10,C
88659,HFI-9,45500,05/05/2022,video,255,21," 35 gr oatmeal ,  50 ml almond milk ,  50 gr low-fat soy quark ,  20 grams of protein powder ,  1 tsp baking powder ,  8 grams of dark chocolate drops ,  4 chocolate chip cookie",1,821.8236262,9.210280374,3.121495327,358.5233645,2.990654206,1.700934579,0,8,C
27250,HFI-9,45500,04/05/2022,video,544,33,"1 Spring onion , 1 Red pepper , 3 cloves of garlic , 1 tbsp honey , 2 tsp curry powder , 1 Lemon , 2 tbsp soya sauce , 1 can of coconut milk , 80 gr basmati rice , 175 gr garlic prawns , 1/2 Broccoli",2,578.7844669,3.659305994,6.723974763,174.9463722,3.318611987,0.287066246,65.85173502,4,C
51560,HFI-9,45500,29/04/2022,picture,420,40," 30 grams of oatmeal ,  20 grams of protein powder ,  50 ml milk ,  50 grams low-fat quark ,  1 tsp chocolate paste ,  1 tsp baking powder ,  3 oreo cookies",1,771.4064162,11.74111675,2.263959391,354.751269,2.563451777,139.1015228,0,3,C
31333,HFI-9,45500,24/04/2022,picture,390,24,"3 bars of dark chocolate , 150 gr unsalted peanuts , 50 gr raisins",1,2255.264394,9.683098592,11.35211268,14.01408451,23.66197183,8.112676056,17.6056338,13,D
18215,HFI-9,45500,20/04/2022,video,1051,111,"250 grams gnocchi , 400 gr spinach leaves , 2 white onions , 5 cloves of garlic , 150 gr chicken breast , 100 gr bacon bits , 1 cup of pesto , 1 tsp sour cream",2,669.8077579,1.386167147,1.622478386,391.851585,7.239193084,0.298270893,28.8184438,2,B
74620,HFI-9,45500,14/04/2022,video,165,5,"500 gr chicken thigh fillet , 1 tbsp soy sauce , 1 tbsp garlic powder , 2 tbsp honey , 1.5 tsp smoked paprika powder , 2 tsp ginger powder , 2.5 tsp sambal oelek , Splash of olive oil , Splash of Worcestershire sauce",1,998.6662876,6.016920474,4.147208122,239.3011844,14.47884941,147.42978,0,-1,A
35426,HFI-9,45500,13/04/2022,video,1183,93,"1kg of blade steak , 1 bottle of brown beer ,  500 ml water , 2 cubes beef stock , 4 white onions , 5 cloves of garlic , 2 tbsp tomato paste ,  2 tbsp soy sauce ,  2 tbsp wheat flour ,  2 tsp curry powder ,  1.5 tsp paprika powder ,  2 tsp sambal oelek ,  5 bay leaves, 1kg fries",4,541.961217,0.701650943,2.079009434,238.7759434,0.391509434,7.581367925,0.217865566,0,B
56259,HFI-9,45500,07/04/2022,picture,198,13,"1.2 kg chicken thigh fillet , 4 tbsp wheat flour , 5 onions , 2 large winter carrots , 6 garlic cloves , 175 gr chestnut mushrooms , 200 gr bacon , 2 bay leaves , 700ml water , 1 chicken stock cube , 750 ml dry white wine",4,503.1768626,1.094080338,2.136363636,90.15856237,2.070824524,1.989429175,3.805496829,1,B
87867,HFI-9,45500,04/04/2022,video,1200,109,"2 white onions , 5 garlic cloves , 250 gr chicken fillet cubes , 375 g spinach , 250 ml cooking cream , 125 gr cream cheese , 1/3 ball of mozzarella , 160 gr pasta per person , pinch of salt",2,737.2537717,1.911684783,6.467391304,107.2486413,8.122282609,0.369565217,25.47554348,4,C
61393,HFI-9,45500,31/03/2022,video,1277,88,"500 gr chicken wings , 1 spring onion , handful of sesame seeds , 1 tbsp soy sauce , 1 tbsp sweet soy sauce , 1 tbsp garlic powder , 1 tbsp sesame oil , 1 tbsp Rice vinegar , 1 tbsp olive oil , 2 tbsp honey , 2 tbsp ketchup , 1 tsp ginger powder , 1 tsp sugar",1,1067.472952,13.21806167,3.561674009,406.5198238,11.90088106,0.209251101,0,12,D
63914,HFI-9,45500,16/03/2022,video,543,54,"350 gr wheat flour , 1 bag of dried yeast , 1 tsp sugar , 1 tsp salt , 1 tsp dried oregano , 80ml water , 160 ml milk , 1 tbsp olive oil , 350 chicken breast , 2 red onions , 1 cucumber , handful of lettuce , 200 gr Greek yogurt , 1 handful of dill , 1 handful of flat-leaf parsley , 1 pinch of nutmeg , 1 tsp garlic powder ,   3 pinches of salt",1,478.2178243,0.041688418,0.565155244,118.5904616,20.95672061,207.6707684,0.37412683,-8,A
86279,HFI-10,25600,05/08/2022,picture,803,69," 200 g pearl couscous ,  1 zucchini ,  1 tbsp olive oil ,  350 g tasty tomatoes ,  1/2 cucumber ,  1 can of lima beans ,  100 g fresh spinach ,  handful of toasted pine nuts ,  pinch of salt ,  3 tbsp extra virgin olive oil ,  1 tbsp lemon juice ,  1 tbsp mustard ,  1 shallot ,  pinch of salt ,  1 tbsp honey or agave",2,489.6297875,2.14212548,0.549295775,117.4353393,3.679897567,2.670934699,60.62740077,-4,A
88245,HFI-10,25600,03/08/2022,video,574,74," 300 g labneh ,  15 g butter ,  1 red onion ,  2 tbsp za'atar ,  1 tsp smoked paprika powder ,  2 tbsp extra virgin olive oil ,  4 dates ,  2 tsp honey ,  handful of pine nuts",1,610.2686482,8.717391304,2.422924901,42.74901186,6.741106719,104.7193676,1.581027668,-5,A
59903,HFI-10,25600,30/07/2022,video,823,55,"6 chestnut mushrooms , handful of spinach , 2 slices of goat cheese , 1 egg yolk",1,458.148,1.236842105,4.605263158,114.1842105,7.820175439,0.425438596,13.15789474,2,B
44669,HFI-10,25600,27/07/2022,video,446,140,"350 g sweet potatoes , 250 g flour , 1 teaspoon salt , 6 tbsp corn flour",1,880.8998765,2.466049383,0.103395062,389.6728395,5.435185185,14.3117284,54.01234568,-3,A
95975,HFI-10,25600,25/07/2022,picture,828,71,"1 ball burrata ,   1 ripe avocado ,   80 g arugula ,   3 fresh figs ,   handful of cherries ,   handful of pistachios ,   3 tbsp olive oil ,   2 tbsp white wine vinegar ,   1 shallot ,   10 g basil ,   pinch of pepper",2,618.9027672,6.304918033,1.714754098,7.183606557,1.521311475,43.94098361,32.95081967,-2,A
99843,HFI-10,25600,22/07/2022,picture,663,69,"3 tbsp olive oil ,  2 pita ,  1 ripe avocado ,  handful of pomegranate seeds ,  1 cucumber ,  handful of cherry tomato",1,601.6260027,1.020519836,1.410396717,86.10943912,2.285909713,33.07250342,51.23119015,-5,A
47294,HFI-10,25600,20/07/2022,video,915,63," 250 g pasta ,  1 zucchini ,  2 tbsp butter ,  6 cloves of garlic ,  3 shallots ,  pinch of salt ,  30 g grated Parmagiano ,  1 tsp chili flakes ,  juice of 1/2 lemon ,  1 cup of water ,  handful of pistachios ,  handful of dried tomatoes ,  handful of parmagiano",2,641.0050485,2.262135922,1.893203883,37.61650485,4.720873786,6.427184466,24.02912621,-5,A
88358,HFI-10,25600,18/07/2022,picture,752,78," 300 g green asparagus tips ,  handful of mixed lettuce ,  2 ripe nectarines ,  100 g feta ,  2 tbsp cornflour ,  1 tbsp za'atar ,  1 tbsp olive oil ,  1 ripe avocado ,  3 tbsp extra virgin olive oil ,  1 tbsp lemon juice + 1 tsp grater ,  pinch of salt ,  handful of pistachios",2,570.4700041,3.059304703,2.617586912,126.8670757,2.914110429,39.12269939,45.39877301,-3,A
23787,HFI-10,25600,15/07/2022,video,1385,75,"1 cucumber , 2 tbsp soy sauce , 2 tbsp sesame oil , 2 tbsp rice vinegar , 1/2 tsp Chili Oil , 1 tbsp Garlic Sauce , 1/2 tsp chili flakes , 1 tbsp sugar ",1,391.9897277,4.638497653,1.021126761,673.5516432,1.335680751,0.063380282,70.42253521,8,C
91750,HFI-10,25600,11/07/2022,picture,1541,109," can of tomatoes ,  handful of cherry tomatoes ,  3 cloves of garlic ,  1 tbsp olive oil ,  pinch of salt ,  1 eggplant ,  1 tsp chili flakes ,  20 g feta ,  1 tbsp capers ,  handful of grated pecorino ,  handful of pine nuts",2,238.9418576,3.122033898,0.857627119,96.86779661,1.620338983,5.159322034,90.76271186,-10,A
6214,HFI-10,25600,09/07/2022,video,1064,105,"500 g flour , 7 g yeast , 1 tbsp agave , 300 ml water , 10 g salt , 15 g olive oil",1,1000.849097,1.832356389,0.342321219,457.855803,6.389214537,0.403282532,0,4,C
13362,HFI-10,25600,05/07/2022,video,725,85,"3 ripe bananas , 3 eggs , 60 ml milk , 10 g oatmeal , 90 g almond flour , 1 tbsp cinnamon , 1 tsp salt , 1 tsp vanilla extract , 1 tbsp baking powder , handful of walnuts , 6 dates",1,785.9839253,10.392,1.432,508.6626667,0.192,3.793333333,20.66666667,6,C
8291,HFI-10,25600,30/06/2022,picture,729,51,"10 g sage leaves , 50 ml olive oil , 50 g parmesan , 2 cloves of garlic , 1/2 zucchini , 2 handfuls of spinach , 1 tbsp lemon juice , pinch of salt , 40 g walnuts",2,1174.800049,1.413580247,5.308641975,277.1851852,8.475308642,1920.41358,91.35802469,-4,A
39754,HFI-10,25600,30/06/2022,video,1848,149,"1 flat bread , 5 tbsp hummus of your choice , handful of pomegranate seeds , 20 g feta , handful of pistachios , 1 tbsp balsamic vinegar , 1 eggplant , pinch of salt , 2 tbsp olive oil",1,438.7307042,2.937402191,1.233176839,121.885759,2.690140845,0.13458529,71.83098592,0,B
27228,HFI-10,25600,24/06/2022,picture,470,60," 1 avocado ,  500 gram butternut squash ,  1 tbsp olive oil , pinch of salt ,  handful of sesame seeds ,  1/4 cucumber ,  handful of romaine lettuce",1,362.0110909,1.689393939,0.808080808,9.444444444,1.218434343,1.691919192,99,-5,A
71495,HFI-10,25600,21/06/2022,video,438,59," 150 g almond flour ,  250 g oatmeal ,  2 tbsp peanut butter ,  50 g plant-based milk ,  75 g agave ,  50 g neutral oil ,  1 tsp salt ,  200 g red fruit ,  2 tbsp chia seeds ,  2 tbsp agave ,  1 tbsp lemon juice ,  80ml water",1,981.4272197,11.71765914,1.508213552,258.1550308,5.342915811,7.409650924,20.5338809,-1,A
59183,HFI-10,25600,19/06/2022,picture,1370,87,"1400 gram watermelon , 240 g lentils , 100 g feta , 1/2 cucumber , handful of mint , 50 g pistachios , 3 tbsp extra virgin olive oil , 1 tbsp balsamic vinegar , pinch of salt",2,463.8262857,4.993006993,1.123876124,60.76023976,4.79020979,0.15984016,87.41258741,-4,A
4255,HFI-10,25600,16/06/2022,video,687,61,"400 g chickpeas , 1 tbsp olive oil , pinch of salt , 1 tbsp za'atar",1,791.5567464,4.610047847,0.746411483,16.5645933,8.564593301,3.966507177,0,-6,A
56992,HFI-10,25600,13/06/2022,video,1174,65,"500 g dumplings , 4 tbsp soy sauce , 3 tbsp black vinegar , 3 tsp chili oil , handful of peas , 15 g butter , pinch of salt",2,961.348483,3.653250774,2.513931889,1003.055728,6.037151703,30.89783282,0.154798762,9,C
60760,HFI-10,25600,10/06/2022,picture,898,55,"250 g gnocchi , 250 g Brussels sprouts , 1 tsp garlic powder , 1 tsp paprika powder , 1 tsp cumin , 1/2 tsp cayenne pepper , 1 tsp salt , 1 tsp black pepper , 2 handfuls of toasted pecans , 36 g goat cheese , 3.5 tbsp honey , 1 tbsp mustard , 1 tbsp balsamic vinegar , 2 tbsp olive oil , pinch of salt , 40 g grated parmesan cheese",2,751.3317699,9.493150685,2.287671233,586.9835616,5.361643836,0.208219178,35.19589041,12,D
1522,HFI-10,25600,01/06/2022,picture,1197,71,"2 slices of white bread , 2 tablespoons cream cheese , 1 tbsp olive oil , 20 g feta , handful of pine nuts , pinch of salt , 75 g broccoli",1,986.2064339,2.682539683,5.82010582,328.7671958,6.132275132,0.291005291,40.21164021,6,C
43421,HFI-10,25600,30/06/2022,video,877,58,"1 eggplant , 1 tbsp salt , 2 tbsp tahini , 2 tbsp olive oil , 1 tbsp lemon juice , 1 clove of garlic , 1 tsp smoked paprika powder , 1 tsp ground cumin , 1/2 tsp salt , 1 tbsp agave syrup",2,451.3237517,5.362068966,1.089655172,1407.865517,1.827586207,0.155172414,78.96551724,11,D
2745,HFI-10,25600,25/05/2022,picture,2399,135,"3 cloves of garlic , 250 g green asparagus , 300 g pearl couscous , 150 g peas , 1 zucchini , 200 g haloumi , 1 tbsp olive oil , pinch of salt , handful of pistachios",3,787.298681,1.721179625,3.28150134,223.3029491,8.852546917,10.00536193,53.35120643,-4,A
39726,HFI-10,25600,24/05/2022,video,541,79,"140 g oatmeal , 60 g almond flour , 2 tbsp cocoa powder , 1 tsp baking powder , 1/2 tsp salt , 100 ml plant-based milk , 2 eggs , 3 bananas , 2 tbsp peanut butter , 100 g dark chocolate , 30 g peanuts",1,871.2660389,8.476241901,4.156587473,214.8790497,11.32181425,4.021598272,15.98272138,0,B
65902,HFI-10,25600,17/05/2022,video,1705,117,"300 g spinach , 75 ml plant-based milk , 75 g parmesan cheese , 2 handfuls of basil , 2 cloves of garlic , 2 tbsp lemon juice , 2 avocado , 1 tsp chili flakes , pinch of salt , 300 g cauliflower , 1/2 tsp salt , 1/2 tsp pepper , 2 tbsp olive oil , 300 g pasta , 2 balls of burrata , 1 tbsp chili oil",3,715.3421359,1.485436893,1.933980583,183.8737864,5.966990291,0.440776699,38.83495146,2,B
63860,HFI-10,25600,15/05/2022,picture,897,71,"5 strawberries , 1 tbsp chia seeds , 40 g oatmeal , 150 g quark , 100 ml plant-based milk , 1 tbsp strawberry jam",1,361.7801558,6.194805195,0.675324675,28.4961039,7.080519481,1.618181818,3.116883117,-3,A
11797,HFI-10,25600,10/05/2022,video,1743,192,"300 g oyster mushrooms , 1 large tbsp shawarma seasoning , 3 tbsp olive oil , 1 clove of garlic , 1 flatbread , 1 avocado , handful of cherry tomatoes , 1 red onion , 200 g chickpeas",2,557.1865514,2.144032922,1.125514403,31.96090535,3.858024691,2.146090535,7.664609053,-2,A
70539,HFI-10,25600,07/05/2022,picture,680,81,"80 g oatmeal , 1 banana , 120 ml plant-based milk , 1 tbsp linseed , 1 tsp cinnamon , 1 tsp vanilla extract , pinch of salt , 1 tsp baking powder",1,322.947003,6.351351351,0.807807808,173.6936937,0.432432432,94.67267267,35.43543544,-3,A
4966,HFI-10,25600,05/05/2022,picture,637,70,"200 g couscous , 1 stock cube , 1 tbsp olive oil , 1 tbsp cinnamon , 1 tbsp cumin , 50 g raisins , 1 red onion , 2 aubergines , 2 tbsp chili paste , 1 cucumber , 4 tomatoes , handful of pomegranate seeds , 20 g feta , pinch of salt",1,302.7002654,2.69837587,0.262645012,61.81206497,2.266357309,5.303944316,43.20185615,-7,A